date,SPY,HYG,GBTC
2015-01-02 00:00:00,205.43,89.6,
2015-01-05 00:00:00,201.72,88.77,
2015-01-06 00:00:00,199.82,88.43,
2015-01-07 00:00:00,202.31,88.98,
2015-01-08 00:00:00,205.9,89.65,
2015-01-09 00:00:00,204.25,90.1,
2015-01-12 00:00:00,202.65,89.99,
2015-01-13 00:00:00,202.08,89.99,
2015-01-14 00:00:00,200.86,89.78,
2015-01-15 00:00:00,199.0199,89.23,
2015-01-16 00:00:00,201.63,89.57,
2015-01-20 00:00:00,202.055,89.41,
2015-01-21 00:00:00,203.08,89.89,
2015-01-22 00:00:00,206.1,90.01,
2015-01-23 00:00:00,204.97,90.01,
2015-01-26 00:00:00,205.45,90.42,
2015-01-27 00:00:00,202.74,90.35,
2015-01-28 00:00:00,200.14,90.16,
2015-01-29 00:00:00,201.9902,90.48,
2015-01-30 00:00:00,199.45,90.23,
2015-02-02 00:00:00,201.92,90.21,
2015-02-03 00:00:00,204.84,90.72,
2015-02-04 00:00:00,204.06,90.34,
2015-02-05 00:00:00,206.12,90.87,
2015-02-06 00:00:00,205.55,90.94,
2015-02-09 00:00:00,204.63,90.72,
2015-02-10 00:00:00,206.81,91.03,
2015-02-11 00:00:00,206.93,91,
2015-02-12 00:00:00,208.92,90.99,
2015-02-13 00:00:00,209.78,91.12,
2015-02-17 00:00:00,210.11,91.06,
2015-02-18 00:00:00,210.13,91.37,
2015-02-19 00:00:00,209.98,91.16,
2015-02-20 00:00:00,211.239,91.41,
2015-02-23 00:00:00,211.209,91.48,
2015-02-24 00:00:00,211.81,91.57,
2015-02-25 00:00:00,211.63,91.87,
2015-02-26 00:00:00,211.38,91.85,
2015-02-27 00:00:00,210.66,91.87,
2015-03-02 00:00:00,211.99,91.46,
2015-03-03 00:00:00,211.12,91.2,
2015-03-04 00:00:00,210.2301,91.03,
2015-03-05 00:00:00,210.46,91.2,
2015-03-06 00:00:00,207.5,90.62,
2015-03-09 00:00:00,208.36,90.43,
2015-03-10 00:00:00,204.98,90.08,
2015-03-11 00:00:00,204.5,90.33,
2015-03-12 00:00:00,207.1,90.51,
2015-03-13 00:00:00,205.8272,90.2,
2015-03-16 00:00:00,208.58,90.11,
2015-03-17 00:00:00,207.96,89.66,
2015-03-18 00:00:00,210.46,90.455,
2015-03-19 00:00:00,209.5,89.74,
2015-03-20 00:00:00,210.41,90.44,
2015-03-23 00:00:00,210,90.51,
2015-03-24 00:00:00,208.82,90.65,
2015-03-25 00:00:00,205.76,90.41,
2015-03-26 00:00:00,205.27,90.4,
2015-03-27 00:00:00,205.74,90.47,
2015-03-30 00:00:00,208.25,90.72,
2015-03-31 00:00:00,206.43,90.61,
2015-04-01 00:00:00,205.7,90.39,
2015-04-02 00:00:00,206.435,90.46,
2015-04-06 00:00:00,207.83,90.69,
2015-04-07 00:00:00,207.28,91.17,
2015-04-08 00:00:00,207.975,91.15,
2015-04-09 00:00:00,208.9,91.06,
2015-04-10 00:00:00,210.04,91.27,
2015-04-13 00:00:00,209.09,91.1,
2015-04-14 00:00:00,209.49,91.14,
2015-04-15 00:00:00,210.43,91.5,
2015-04-16 00:00:00,210.37,91.31,
2015-04-17 00:00:00,207.95,91.03,
2015-04-20 00:00:00,209.85,91.23,
2015-04-21 00:00:00,209.6,91.29,
2015-04-22 00:00:00,210.63,91.2,
2015-04-23 00:00:00,211.16,91.17,
2015-04-24 00:00:00,211.6499,91.32,
2015-04-27 00:00:00,210.77,91.35,
2015-04-28 00:00:00,211.44,91.21,
2015-04-29 00:00:00,210.57,91.04,
2015-04-30 00:00:00,208.46,90.99,
2015-05-01 00:00:00,210.72,90.79,
2015-05-04 00:00:00,211.32,90.77,0.4154
2015-05-05 00:00:00,208.9,90.65,0.544
2015-05-06 00:00:00,208.04,90.38,
2015-05-07 00:00:00,208.87,90.37,0.3956
2015-05-08 00:00:00,211.62,91.0799,0.4846
2015-05-11 00:00:00,210.605,90.51,0.4945
2015-05-12 00:00:00,209.98,90.5,0.494
2015-05-13 00:00:00,210.02,90.37,0.4846
2015-05-14 00:00:00,212.21,90.8085,0.4451
2015-05-15 00:00:00,212.44,91.01,0.3758
2015-05-18 00:00:00,213.1,90.86,0.2685
2015-05-19 00:00:00,213.03,90.72,0.2868
2015-05-20 00:00:00,212.88,90.61,0.3115
2015-05-21 00:00:00,213.5,90.74,0.3165
2015-05-22 00:00:00,212.99,90.81,0.3155
2015-05-26 00:00:00,210.7,90.62,0.3165
2015-05-27 00:00:00,212.7,90.82,0.3021
2015-05-28 00:00:00,212.46,90.78,0.3264
2015-05-29 00:00:00,211.14,90.91,0.3264
2015-06-01 00:00:00,211.57,90.66,0.3031
2015-06-02 00:00:00,211.36,90.49,0.2883
2015-06-03 00:00:00,211.92,90,0.2868
2015-06-04 00:00:00,210.1292,89.71,0.2888
2015-06-05 00:00:00,209.77,89.44,0.2888
2015-06-08 00:00:00,208.48,89.44,0.2893
2015-06-09 00:00:00,208.45,89.29,0.2868
2015-06-10 00:00:00,210.95,89.41,0.2893
2015-06-11 00:00:00,211.63,89.59,0.2883
2015-06-12 00:00:00,210.01,89.26,0.2862
2015-06-15 00:00:00,209.11,88.84,0.2868
2015-06-16 00:00:00,210.25,89.34,0.2868
2015-06-17 00:00:00,210.59,89.26,0.2868
2015-06-18 00:00:00,212.78,89.59,0.2868
2015-06-19 00:00:00,210.81,89.64,0.2831
2015-06-22 00:00:00,211.89,89.82,0.2824
2015-06-23 00:00:00,212.04,89.76,0.2769
2015-06-24 00:00:00,210.5,89.52,0.2819
2015-06-25 00:00:00,209.86,89.25,0.2819
2015-06-26 00:00:00,209.82,88.99,0.2868
2015-06-29 00:00:00,205.42,88.38,0.2877
2015-06-30 00:00:00,205.85,88.8,0.2979
2015-07-01 00:00:00,207.5,88.42,0.3002
2015-07-02 00:00:00,207.31,88.75,0.3002
2015-07-06 00:00:00,206.72,88.46,0.3017
2015-07-07 00:00:00,208.02,88.53,0.3017
2015-07-08 00:00:00,204.53,88.09,0.3026
2015-07-09 00:00:00,204.9,88.29,0.3012
2015-07-10 00:00:00,207.48,88.8,0.3026
2015-07-13 00:00:00,209.77,88.88,0.3
2015-07-14 00:00:00,210.68,88.79,0.3017
2015-07-15 00:00:00,210.61,88.79,0.3017
2015-07-16 00:00:00,212.3,88.93,0.3017
2015-07-17 00:00:00,212.48,88.69,0.3012
2015-07-20 00:00:00,212.59,88.28,0.2978
2015-07-21 00:00:00,211.75,88.12,0.3007
2015-07-22 00:00:00,211.37,87.55,0.3017
2015-07-23 00:00:00,210.18,87.5,0.3017
2015-07-24 00:00:00,208,87.25,0.3021
2015-07-27 00:00:00,206.79,86.88,0.3017
2015-07-28 00:00:00,209.33,87.35,0.3021
2015-07-29 00:00:00,210.77,87.86,0.3012
2015-07-30 00:00:00,210.82,88.12,0.3017
2015-07-31 00:00:00,210.5,87.97,0.2982
2015-08-03 00:00:00,209.79,87.41,0.2977
2015-08-04 00:00:00,209.38,87.46,0.2967
2015-08-05 00:00:00,210.07,87.34,0.2909
2015-08-06 00:00:00,208.35,86.98,0.2997
2015-08-07 00:00:00,207.95,86.71,0.2958
2015-08-10 00:00:00,210.57,86.96,0.2958
2015-08-11 00:00:00,208.67,86.56,0.3012
2015-08-12 00:00:00,208.92,86.44,0.2919
2015-08-13 00:00:00,208.66,86.33,0.3007
2015-08-14 00:00:00,209.42,86.38,0.2967
2015-08-17 00:00:00,210.59,86.38,0.2918
2015-08-18 00:00:00,209.98,86.27,0.2908
2015-08-19 00:00:00,208.32,86.19,0.2908
2015-08-20 00:00:00,203.97,85.77,0.2868
2015-08-21 00:00:00,197.83,85.46,0.267
2015-08-24 00:00:00,189.5,84.76,0.2374
2015-08-25 00:00:00,187.27,84.93,0.2374
2015-08-26 00:00:00,194.46,85.64,0.2287
2015-08-27 00:00:00,199.27,86.28,0.2348
2015-08-28 00:00:00,199.28,86.36,0.2472
2015-08-31 00:00:00,197.67,86.24,0.2571
2015-09-01 00:00:00,191.77,85.58,0.2571
2015-09-02 00:00:00,195.41,85.93,0.272
2015-09-03 00:00:00,195.55,86.05,0.2843
2015-09-04 00:00:00,192.59,85.96,0.2863
2015-09-08 00:00:00,197.43,86.43,0.2957
2015-09-09 00:00:00,194.79,86.32,0.2918
2015-09-10 00:00:00,195.85,86.53,0.2957
2015-09-11 00:00:00,196.74,86.5,0.2967
2015-09-14 00:00:00,196.01,86.35,0.2918
2015-09-15 00:00:00,198.46,86.33,0.2966
2015-09-16 00:00:00,200.18,86.02,0.2868
2015-09-17 00:00:00,199.73,86.09,0.2819
2015-09-18 00:00:00,195.45,85.85,0.2918
2015-09-21 00:00:00,196.46,85.69,0.2868
2015-09-22 00:00:00,193.91,85.07,0.2918
2015-09-23 00:00:00,193.6,84.92,0.2868
2015-09-24 00:00:00,192.9,84.5,0.2819
2015-09-25 00:00:00,192.85,84.07,0.2769
2015-09-28 00:00:00,188.01,82.78,0.2868
2015-09-29 00:00:00,188.12,82.77,0.2893
2015-09-30 00:00:00,191.63,83.29,0.277
2015-10-01 00:00:00,192.13,82.36,0.2741
2015-10-02 00:00:00,195,82.44,0.271
2015-10-05 00:00:00,198.47,83.43,0.2819
2015-10-06 00:00:00,197.79,83.89,0.2769
2015-10-07 00:00:00,199.41,84.75,0.277
2015-10-08 00:00:00,201.21,85.1,0.267
2015-10-09 00:00:00,201.33,85.11,0.267
2015-10-12 00:00:00,201.52,84.95,
2015-10-13 00:00:00,200.25,84.75,0.267
2015-10-14 00:00:00,199.29,84.69,0.2621
2015-10-15 00:00:00,202.35,84.89,0.2651
2015-10-16 00:00:00,203.27,85.28,0.2867
2015-10-19 00:00:00,203.37,85.51,0.2715
2015-10-20 00:00:00,203.09,85.59,0.2769
2015-10-21 00:00:00,201.85,85.5,0.2695
2015-10-22 00:00:00,205.26,85.53,0.2695
2015-10-23 00:00:00,207.51,85.83,0.2769
2015-10-26 00:00:00,207,85.74,0.2801
2015-10-27 00:00:00,206.6,85.46,0.2784
2015-10-28 00:00:00,208.95,85.69,0.2853
2015-10-29 00:00:00,208.83,85.47,0.3165
2015-10-30 00:00:00,207.93,85.57,0.3353
2015-11-02 00:00:00,210.39,85.44,0.3857
2015-11-03 00:00:00,211,85.53,0.4154
2015-11-04 00:00:00,210.36,85.28,0.5341
2015-11-05 00:00:00,210.15,84.95,0.5044
2015-11-06 00:00:00,210.04,84.54,0.4525
2015-11-09 00:00:00,208.08,84.19,0.4154
2015-11-10 00:00:00,208.56,84,0.4154
2015-11-11 00:00:00,207.74,83.8,0.3867
2015-11-12 00:00:00,204.84,83.24,0.4451
2015-11-13 00:00:00,202.54,83,0.454
2015-11-16 00:00:00,205.62,83.39,0.4426
2015-11-17 00:00:00,205.47,83.45,0.4154
2015-11-18 00:00:00,208.73,83.61,0.4327
2015-11-19 00:00:00,208.55,82.86,0.4451
2015-11-20 00:00:00,209.3108,82.84,0.4203
2015-11-23 00:00:00,209.07,82.77,0.4055
2015-11-24 00:00:00,209.35,82.88,0.3813
2015-11-25 00:00:00,209.32,82.97,0.4152
2015-11-27 00:00:00,209.56,83.1,0.4648
2015-11-30 00:00:00,208.69,83.05,0.4451
2015-12-01 00:00:00,210.68,83.24,0.4673
2015-12-02 00:00:00,208.529,83.07,0.4599
2015-12-03 00:00:00,205.61,82.851,0.4461
2015-12-04 00:00:00,209.62,82.66,0.455
2015-12-07 00:00:00,208.35,82.08,0.5222
2015-12-08 00:00:00,206.949,81.06,0.5469
2015-12-09 00:00:00,205.34,81.48,0.5464
2015-12-10 00:00:00,205.87,81.14,0.5736
2015-12-11 00:00:00,201.88,79.52,0.6231
2015-12-14 00:00:00,202.9008,78.83,0.6083
2015-12-15 00:00:00,205.0308,80.12,0.6429
2015-12-16 00:00:00,208.03,80.73,0.6247
2015-12-17 00:00:00,204.86,79.83,0.6132
2015-12-18 00:00:00,200.0208,79.53,0.6132
2015-12-21 00:00:00,201.67,79.28,0.5929
2015-12-22 00:00:00,203.5,80.24,0.5875
2015-12-23 00:00:00,206.02,80.75,0.5934
2015-12-24 00:00:00,205.68,80.49,0.6219
2015-12-28 00:00:00,205.21,80.01,0.5835
2015-12-29 00:00:00,207.4,80.47,0.6107
2015-12-30 00:00:00,205.93,80.53,0.6231
2015-12-31 00:00:00,203.87,80.58,0.6231
2016-01-04 00:00:00,201.0192,80.1,0.633
2016-01-05 00:00:00,201.36,80.25,0.6404
2016-01-06 00:00:00,198.82,80.25,0.6429
2016-01-07 00:00:00,194.05,79.73,0.6404
2016-01-08 00:00:00,191.923,79.52,0.6428
2016-01-11 00:00:00,192.11,79.4,0.6256
2016-01-12 00:00:00,193.6608,79.48,0.5569
2016-01-13 00:00:00,188.83,78.6,0.5519
2016-01-14 00:00:00,191.93,78.95,0.5824
2016-01-15 00:00:00,187.81,77.91,0.4599
2016-01-19 00:00:00,188.06,77.64,0.415
2016-01-20 00:00:00,185.65,77.12,0.4856
2016-01-21 00:00:00,186.69,77.64,0.5094
2016-01-22 00:00:00,190.52,78.83,0.4797
2016-01-25 00:00:00,187.64,78.05,
2016-01-26 00:00:00,190.2,78.75,0.4599
2016-01-27 00:00:00,188.13,78.63,0.4475
2016-01-28 00:00:00,189.11,79.03,0.4342
2016-01-29 00:00:00,193.7208,79.29,0.4253
2016-02-01 00:00:00,193.65,78.43,0.4252
2016-02-02 00:00:00,190.16,77.87,0.417
2016-02-03 00:00:00,191.3,78.25,0.4055
2016-02-04 00:00:00,191.6,78,0.4347
2016-02-05 00:00:00,187.95,77.41,0.418
2016-02-08 00:00:00,185.42,76.5,0.4085
2016-02-09 00:00:00,185.43,76.21,0.4144
2016-02-10 00:00:00,185.27,76.1,0.4347
2016-02-11 00:00:00,182.86,75.59,0.4243
2016-02-12 00:00:00,186.63,76.72,0.4253
2016-02-16 00:00:00,189.78,76.79,0.4836
2016-02-17 00:00:00,192.88,77.42,0.5143
2016-02-18 00:00:00,192.09,77.49,0.5341
2016-02-19 00:00:00,192,77.64,0.5205
2016-02-22 00:00:00,194.78,78.31,0.5445
2016-02-23 00:00:00,192.32,78.15,0.519
2016-02-24 00:00:00,193.2,78.28,0.5361
2016-02-25 00:00:00,195.54,78.7,0.544
2016-02-26 00:00:00,195.0892,79.23,0.5539
2016-02-29 00:00:00,193.56,80.08,0.5539
2016-03-01 00:00:00,198.11,80.92,0.5618
2016-03-02 00:00:00,199,80.37,0.5687
2016-03-03 00:00:00,199.775,80.64,0.5311
2016-03-04 00:00:00,200.43,80.87,0.5143
2016-03-07 00:00:00,200.59,80.97,0.5296
2016-03-08 00:00:00,198.4,80.4,0.5341
2016-03-09 00:00:00,199.38,80.6,0.5341
2016-03-10 00:00:00,199.54,81.16,0.5534
2016-03-11 00:00:00,202.76,82.14,0.544
2016-03-14 00:00:00,202.5,81.91,0.5148
2016-03-15 00:00:00,202.17,81.15,0.5267
2016-03-16 00:00:00,203.34,81.69,0.5341
2016-03-17 00:00:00,204.63,82.21,0.5346
2016-03-18 00:00:00,204.38,82.4,0.5242
2016-03-21 00:00:00,204.67,82.31,0.5262
2016-03-22 00:00:00,204.56,82.09,0.5341
2016-03-23 00:00:00,203.2092,81.71,0.5341
2016-03-24 00:00:00,203.12,81.35,0.5242
2016-03-28 00:00:00,203.24,80.98,0.538
2016-03-29 00:00:00,205.1208,81.29,0.54
2016-03-30 00:00:00,206.02,81.58,0.539
2016-03-31 00:00:00,205.52,81.69,0.538
2016-04-01 00:00:00,206.92,81.37,0.5415
2016-04-04 00:00:00,206.25,81.17,0.5636
2016-04-05 00:00:00,204.1892,80.87,0.5722
2016-04-06 00:00:00,206.42,81.55,0.5676
2016-04-07 00:00:00,203.95,81.15,0.5466
2016-04-08 00:00:00,204.4992,81.52,0.5766
2016-04-11 00:00:00,204.0201,81.63,0.5539
2016-04-12 00:00:00,205.92,82.11,0.5636
2016-04-13 00:00:00,208.0008,82.65,0.5472
2016-04-14 00:00:00,208.01,82.62,0.5544
2016-04-15 00:00:00,207.78,82.49,0.5796
2016-04-18 00:00:00,209.2392,82.96,0.5875
2016-04-19 00:00:00,209.9,83.31,0.5885
2016-04-20 00:00:00,210.1,83.47,0.6181
2016-04-21 00:00:00,208.97,83.21,0.6499
2016-04-22 00:00:00,208.97,83.4,0.7012
2016-04-25 00:00:00,208.61,83.08,0.732
2016-04-26 00:00:00,208.9192,83.36,0.7279
2016-04-27 00:00:00,209.35,83.85,0.7121
2016-04-28 00:00:00,207.4475,83.71,0.6884
2016-04-29 00:00:00,206.3308,83.85,0.7091
2016-05-02 00:00:00,207.97,83.5,0.7394
2016-05-03 00:00:00,206.1592,82.96,0.7393
2016-05-04 00:00:00,205.01,82.65,0.7418
2016-05-05 00:00:00,204.97,82.58,0.7294
2016-05-06 00:00:00,205.72,82.53,0.7408
2016-05-09 00:00:00,205.8892,82.38,0.7495
2016-05-10 00:00:00,208.45,83.08,0.7269
2016-05-11 00:00:00,206.5,83.02,0.7268
2016-05-12 00:00:00,206.56,83.15,0.7171
2016-05-13 00:00:00,204.76,82.78,0.7126
2016-05-16 00:00:00,206.78,83.24,0.6429
2016-05-17 00:00:00,204.8508,83.07,0.6824
2016-05-18 00:00:00,204.91,83.08,0.6379
2016-05-19 00:00:00,204.2,82.85,0.6132
2016-05-20 00:00:00,205.49,83.14,0.6419
2016-05-23 00:00:00,205.21,83.16,0.6528
2016-05-24 00:00:00,207.87,83.66,0.6923
2016-05-25 00:00:00,209.28,83.79,0.6824
2016-05-26 00:00:00,209.34,83.55,0.6926
2016-05-27 00:00:00,210.24,83.69,0.7121
2016-05-31 00:00:00,209.84,83.61,0.7724
2016-06-01 00:00:00,210.27,83.34,0.7705
2016-06-02 00:00:00,210.91,83.36,0.7714
2016-06-03 00:00:00,210.28,83.51,0.8748
2016-06-06 00:00:00,211.35,83.88,0.9247
2016-06-07 00:00:00,211.68,84.25,0.9297
2016-06-08 00:00:00,212.37,84.57,0.989
2016-06-09 00:00:00,212.08,84.24,0.9693
2016-06-10 00:00:00,210.07,83.83,0.919
2016-06-13 00:00:00,208.4492,83.27,1.1374
2016-06-14 00:00:00,208.04,82.99,1.1132
2016-06-15 00:00:00,207.75,83.03,1.1374
2016-06-16 00:00:00,208.37,83.075,1.2759
2016-06-17 00:00:00,206.52,83.13,1.3352
2016-06-20 00:00:00,207.85,83.62,1.1868
2016-06-21 00:00:00,208.44,83.94,1.0335
2016-06-22 00:00:00,208.1,84.02,0.9989
2016-06-23 00:00:00,210.81,84.64,1.0484
2016-06-24 00:00:00,203.13,83.25,1.2165
2016-06-27 00:00:00,199.6,82.05,1.1967
2016-06-28 00:00:00,203.1997,83.08,1.1765
2016-06-29 00:00:00,206.66,84.13,1.1572
2016-06-30 00:00:00,209.475,84.7,1.1824
2016-07-01 00:00:00,209.9208,84.47,1.1605
2016-07-05 00:00:00,208.41,83.99,1.1275
2016-07-06 00:00:00,209.66,84.36,1.1572
2016-07-07 00:00:00,209.526,84.47,1.1226
2016-07-08 00:00:00,212.65,85.59,1.1829
2016-07-11 00:00:00,213.4,85.64,1.1918
2016-07-12 00:00:00,214.95,85.88,1.1769
2016-07-13 00:00:00,214.92,85.63,1.1868
2016-07-14 00:00:00,216.12,85.8,1.1819
2016-07-15 00:00:00,215.83,85.63,1.1868
2016-07-18 00:00:00,216.4092,85.92,1.1621
2016-07-19 00:00:00,216.19,85.69,1.0236
2016-07-20 00:00:00,217.085,85.91,1.0385
2016-07-21 00:00:00,216.265,85.79,1.0484
2016-07-22 00:00:00,217.24,86.17,1.0385
2016-07-25 00:00:00,216.65,85.76,1.0286
2016-07-26 00:00:00,216.75,85.43,1.0335
2016-07-27 00:00:00,216.52,85.69,0.989
2016-07-28 00:00:00,216.77,85.33,0.9361
2016-07-29 00:00:00,217.12,85.41,0.9396
2016-08-01 00:00:00,216.94,84.55,0.8605
2016-08-02 00:00:00,215.5492,84.43,0.811
2016-08-03 00:00:00,216.18,84.81,0.8901
2016-08-04 00:00:00,216.4097,85.35,0.9643
2016-08-05 00:00:00,218.18,85.54,0.8901
2016-08-08 00:00:00,218.05,85.89,0.9099
2016-08-09 00:00:00,218.18,86.19,0.9099
2016-08-10 00:00:00,217.64,86.03,0.9495
2016-08-11 00:00:00,218.65,86.24,0.9346
2016-08-12 00:00:00,218.46,86.31,0.9643
2016-08-15 00:00:00,219.09,86.565,0.9401
2016-08-16 00:00:00,217.96,86.39,0.9889
2016-08-17 00:00:00,218.37,86.51,0.9791
2016-08-18 00:00:00,218.86,86.85,0.9495
2016-08-19 00:00:00,218.54,86.59,0.9693
2016-08-22 00:00:00,218.53,86.45,0.9396
2016-08-23 00:00:00,218.97,86.74,0.8802
2016-08-24 00:00:00,217.85,86.5,0.811
2016-08-25 00:00:00,217.7,86.66,0.7813
2016-08-26 00:00:00,217.29,86.56,0.8206
2016-08-29 00:00:00,218.3608,86.99,0.8258
2016-08-30 00:00:00,218,87.04,0.8407
2016-08-31 00:00:00,217.38,86.7,0.811
2016-09-01 00:00:00,217.39,86.5,0.7813
2016-09-02 00:00:00,218.37,86.9,0.7922
2016-09-06 00:00:00,219.0308,87,0.8852
2016-09-07 00:00:00,219.01,86.76,0.9247
2016-09-08 00:00:00,218.51,86.6,0.9524
2016-09-09 00:00:00,213.28,85.77,0.91
2016-09-12 00:00:00,216.34,86.07,0.8605
2016-09-13 00:00:00,213.23,85.41,0.9
2016-09-14 00:00:00,213.15,85.39,0.9025
2016-09-15 00:00:00,215.28,85.89,0.8654
2016-09-16 00:00:00,213.37,85.91,0.8607
2016-09-19 00:00:00,213.41,85.96,0.8944
2016-09-20 00:00:00,213.42,85.86,0.8877
2016-09-21 00:00:00,215.82,86.57,0.9198
2016-09-22 00:00:00,217.18,86.86,0.9149
2016-09-23 00:00:00,215.99,86.76,0.8901
2016-09-26 00:00:00,214.24,86.38,0.9149
2016-09-27 00:00:00,215.57,86.63,0.8901
2016-09-28 00:00:00,216.64,87.21,0.8927
2016-09-29 00:00:00,214.68,86.88,0.8951
2016-09-30 00:00:00,216.3,87.26,0.8901
2016-10-03 00:00:00,215.78,86.82,0.8926
2016-10-04 00:00:00,214.68,86.67,0.8703
2016-10-05 00:00:00,215.63,86.9,0.8684
2016-10-06 00:00:00,215.78,86.95,0.8506
2016-10-07 00:00:00,215.04,87.15,0.8916
2016-10-10 00:00:00,216.16,87.4,0.9
2016-10-11 00:00:00,213.43,86.91,0.9396
2016-10-12 00:00:00,213.71,86.88,0.9592
2016-10-13 00:00:00,213.01,86.66,0.9099
2016-10-14 00:00:00,213.12,86.86,0.9099
2016-10-17 00:00:00,212.38,86.74,0.8802
2016-10-18 00:00:00,213.71,87.09,0.8901
2016-10-19 00:00:00,214.28,87.34,0.8753
2016-10-20 00:00:00,213.88,87.35,0.8753
2016-10-21 00:00:00,213.98,87.37,0.8802
2016-10-24 00:00:00,214.89,87.42,0.8952
2016-10-25 00:00:00,214.17,87.37,0.9495
2016-10-26 00:00:00,213.74,87.02,0.9871
2016-10-27 00:00:00,213.17,86.7,0.9791
2016-10-28 00:00:00,212.54,86.28,1.0335
2016-10-31 00:00:00,212.55,86.02,1.0672
2016-11-01 00:00:00,211.01,85.3,1.078
2016-11-02 00:00:00,209.74,84.92,1.0484
2016-11-03 00:00:00,208.78,84.94,0.9989
2016-11-04 00:00:00,208.55,84.98,0.9594
2016-11-07 00:00:00,213.15,86.17,0.9544
2016-11-08 00:00:00,214.11,85.98,0.9989
2016-11-09 00:00:00,216.3792,85.38,1.0261
2016-11-10 00:00:00,216.92,84.26,0.9791
2016-11-11 00:00:00,216.42,83.47,0.9989
2016-11-14 00:00:00,216.59,84.09,0.989
2016-11-15 00:00:00,218.28,85.2,1.0385
2016-11-16 00:00:00,217.87,84.86,1.0533
2016-11-17 00:00:00,218.99,84.63,1.0588
2016-11-18 00:00:00,218.5,84.63,1.0731
2016-11-21 00:00:00,220.15,85.31,1.0583
2016-11-22 00:00:00,220.58,85.94,1.0682
2016-11-23 00:00:00,220.7,85.62,1.0187
2016-11-25 00:00:00,221.52,85.73,0.9989
2016-11-28 00:00:00,220.48,85.72,0.9988
2016-11-29 00:00:00,220.91,85.61,0.9594
2016-11-30 00:00:00,220.38,85.65,0.9742
2016-12-01 00:00:00,219.57,84.87,0.9916
2016-12-02 00:00:00,219.68,85.38,1.0217
2016-12-05 00:00:00,221,85.6,0.9791
2016-12-06 00:00:00,221.7,86.03,0.9801
2016-12-07 00:00:00,224.6,86.46,1.0063
2016-12-08 00:00:00,225.15,86.45,1.0286
2016-12-09 00:00:00,226.51,86.49,1.0187
2016-12-12 00:00:00,226.25,86.37,1.0385
2016-12-13 00:00:00,227.76,86.58,1.0157
2016-12-14 00:00:00,225.88,85.93,1.0139
2016-12-15 00:00:00,226.81,85.97,1.0008
2016-12-16 00:00:00,225.04,86.05,1.0049
2016-12-19 00:00:00,225.53,86.27,0.9989
2016-12-20 00:00:00,226.4,86.39,0.9989
2016-12-21 00:00:00,225.77,86.54,1.0261
2016-12-22 00:00:00,225.38,86.44,1.0387
2016-12-23 00:00:00,225.71,86.6,1.0949
2016-12-27 00:00:00,226.27,86.52,1.1349
2016-12-28 00:00:00,224.4,86.4,1.1868
2016-12-29 00:00:00,224.35,86.52,1.2017
2016-12-30 00:00:00,223.53,86.55,1.2032
2017-01-03 00:00:00,225.24,86.91,1.3451
2017-01-04 00:00:00,226.58,87.38,1.444
2017-01-05 00:00:00,226.4,87.25,1.2759
2017-01-06 00:00:00,227.21,87.23,1.1547
2017-01-09 00:00:00,226.46,87.21,1.1329
2017-01-10 00:00:00,226.46,87.22,1.1374
2017-01-11 00:00:00,227.1,87.27,1.0929
2017-01-12 00:00:00,226.53,87.29,1.0682
2017-01-13 00:00:00,227.05,87.32,1.0779
2017-01-17 00:00:00,226.25,87.23,1.1572
2017-01-18 00:00:00,226.75,87.31,1.1473
2017-01-19 00:00:00,225.91,87.03,1.1572
2017-01-20 00:00:00,226.74,87.2,1.1473
2017-01-23 00:00:00,226.15,87.2,1.1572
2017-01-24 00:00:00,227.6,87.26,1.1065
2017-01-25 00:00:00,229.57,87.57,1.0534
2017-01-26 00:00:00,229.33,87.53,1.0657
2017-01-27 00:00:00,228.97,87.61,1.0879
2017-01-30 00:00:00,227.55,87.43,1.0656
2017-01-31 00:00:00,227.53,87.34,1.0731
2017-02-01 00:00:00,227.62,87.28,1.0677
2017-02-02 00:00:00,227.77,87.33,1.083
2017-02-03 00:00:00,229.34,87.48,1.0879
2017-02-06 00:00:00,228.93,87.42,1.0879
2017-02-07 00:00:00,228.94,87.29,1.088
2017-02-08 00:00:00,229.24,87.35,1.078
2017-02-09 00:00:00,230.6,87.47,1.0286
2017-02-10 00:00:00,231.51,87.53,1.0434
2017-02-13 00:00:00,232.77,87.66,1.0439
2017-02-14 00:00:00,233.7,87.72,1.0682
2017-02-15 00:00:00,234.92,87.75,1.0682
2017-02-16 00:00:00,234.72,87.68,1.0682
2017-02-17 00:00:00,235.09,87.77,1.0682
2017-02-21 00:00:00,236.49,88.06,1.0978
2017-02-22 00:00:00,236.28,88.1,1.1226
2017-02-23 00:00:00,236.44,88.18,1.1572
2017-02-24 00:00:00,236.74,88.25,1.1767
2017-02-27 00:00:00,237.11,88.36,1.1572
2017-02-28 00:00:00,236.47,88.29,1.1374
2017-03-01 00:00:00,239.78,88.23,1.1577
2017-03-02 00:00:00,238.27,87.95,1.2402
2017-03-03 00:00:00,238.42,87.99,1.2759
2017-03-06 00:00:00,237.71,87.71,1.3748
2017-03-07 00:00:00,237,87.14,1.3055
2017-03-08 00:00:00,236.56,86.56,1.218
2017-03-09 00:00:00,236.86,86.33,1.261
2017-03-10 00:00:00,237.69,86.3,1.3352
2017-03-13 00:00:00,237.81,86.37,1.3228
2017-03-14 00:00:00,236.9,86.11,1.2956
2017-03-15 00:00:00,238.95,87.3,1.306
2017-03-16 00:00:00,238.48,87.05,1.2116
2017-03-17 00:00:00,237.03,87.08,1.1671
2017-03-20 00:00:00,236.77,87.0034,1.0484
2017-03-21 00:00:00,233.73,86.29,1.2165
2017-03-22 00:00:00,234.28,86.5,1.0982
2017-03-23 00:00:00,234.03,86.53,1.1077
2017-03-24 00:00:00,233.86,86.83,1.078
2017-03-27 00:00:00,233.62,86.74,1.127
2017-03-28 00:00:00,235.32,87.22,1.1028
2017-03-29 00:00:00,235.54,87.4,1.1226
2017-03-30 00:00:00,236.29,87.81,1.1077
2017-03-31 00:00:00,235.74,87.78,1.1484
2017-04-03 00:00:00,235.33,87.36,1.1992
2017-04-04 00:00:00,235.48,87.39,1.1878
2017-04-05 00:00:00,234.78,87.32,1.172
2017-04-06 00:00:00,235.44,87.43,1.2106
2017-04-07 00:00:00,235.2,87.39,1.2165
2017-04-10 00:00:00,235.34,87.51,1.2363
2017-04-11 00:00:00,235.06,87.34,1.2464
2017-04-12 00:00:00,234.03,87.4,1.2463
2017-04-13 00:00:00,232.51,87.22,1.1869
2017-04-17 00:00:00,234.57,87.48,1.2165
2017-04-18 00:00:00,233.87,87.46,1.2475
2017-04-19 00:00:00,233.44,87.38,1.2412
2017-04-20 00:00:00,235.34,87.67,1.2699
2017-04-21 00:00:00,234.59,87.6,1.2511
2017-04-24 00:00:00,237.17,88.01,1.2605
2017-04-25 00:00:00,238.55,88.17,1.2719
2017-04-26 00:00:00,238.4,88.09,1.3253
2017-04-27 00:00:00,238.6,88.15,1.4044
2017-04-28 00:00:00,238.08,88.12,1.3619
2017-05-01 00:00:00,238.68,87.79,1.528
2017-05-02 00:00:00,238.77,87.82,1.4875
2017-05-03 00:00:00,238.48,87.9,1.6467
2017-05-04 00:00:00,238.76,87.43,1.6814
2017-05-05 00:00:00,239.7,87.58,1.8099
2017-05-08 00:00:00,239.66,87.68,1.9781
2017-05-09 00:00:00,239.44,87.62,2.3044
2017-05-10 00:00:00,239.87,88,2.1759
2017-05-11 00:00:00,239.38,88.01,2.1165
2017-05-12 00:00:00,238.98,87.98,1.8594
2017-05-15 00:00:00,240.3,88.18,1.9781
2017-05-16 00:00:00,240.08,88.31,2.0275
2017-05-17 00:00:00,235.82,87.92,2.0918
2017-05-18 00:00:00,236.77,88.02,2.1264
2017-05-19 00:00:00,238.31,88.18,2.166
2017-05-22 00:00:00,239.52,88.45,2.3836
2017-05-23 00:00:00,240.05,88.44,2.9078
2017-05-24 00:00:00,240.61,88.59,4.1045
2017-05-25 00:00:00,241.76,88.52,4.7177
2017-05-26 00:00:00,241.71,88.57,4.0056
2017-05-30 00:00:00,241.5,88.66,4.2232
2017-05-31 00:00:00,241.44,88.65,4.7874
2017-06-01 00:00:00,243.36,88.53,5.0614
2017-06-02 00:00:00,244.17,88.58,4.9452
2017-06-05 00:00:00,243.99,88.5,5.1034
2017-06-06 00:00:00,243.21,88.36,5.4046
2017-06-07 00:00:00,243.66,88.18,5.2221
2017-06-08 00:00:00,243.78,88.25,4.7968
2017-06-09 00:00:00,243.41,88.32,4.5001
2017-06-12 00:00:00,243.36,88.47,3.8257
2017-06-13 00:00:00,244.55,88.63,3.9388
2017-06-14 00:00:00,244.24,88.64,3.4616
2017-06-15 00:00:00,243.77,88.3,3.7831
2017-06-16 00:00:00,242.64,88.15,3.9561
2017-06-19 00:00:00,244.66,88.42,4.1935
2017-06-20 00:00:00,243.01,88.11,4.5495
2017-06-21 00:00:00,242.95,87.6,4.3023
2017-06-22 00:00:00,242.84,87.84,4.1948
2017-06-23 00:00:00,243.13,88.2,4.3349
2017-06-26 00:00:00,243.29,88.32,3.875
2017-06-27 00:00:00,241.33,88.04,3.924
2017-06-28 00:00:00,243.49,88.4,4.0748
2017-06-29 00:00:00,241.35,88.18,3.9561
2017-06-30 00:00:00,241.8,88.39,3.8572
2017-07-03 00:00:00,242.21,87.97,3.9957
2017-07-05 00:00:00,242.77,87.9,4.0288
2017-07-06 00:00:00,240.55,87.68,3.9561
2017-07-07 00:00:00,242.11,87.6,3.887
2017-07-10 00:00:00,242.37,87.7,3.8078
2017-07-11 00:00:00,242.19,87.64,3.7188
2017-07-12 00:00:00,244.01,88.21,3.9552
2017-07-13 00:00:00,244.42,88.28,3.8721
2017-07-14 00:00:00,245.56,88.53,3.7089
2017-07-17 00:00:00,245.53,88.56,3.4221
2017-07-18 00:00:00,245.66,88.6,3.7385
2017-07-19 00:00:00,246.99,88.75,3.5407
2017-07-20 00:00:00,247.1,88.8,3.8577
2017-07-21 00:00:00,246.88,88.73,3.9166
2017-07-24 00:00:00,246.82,88.8,4.1342
2017-07-25 00:00:00,247.42,88.84,3.9957
2017-07-26 00:00:00,247.43,88.97,3.9611
2017-07-27 00:00:00,247.2,88.9,4.0056
2017-07-28 00:00:00,246.91,88.91,4.1539
2017-07-31 00:00:00,246.77,88.91,4.1539
2017-08-01 00:00:00,247.32,88.63,4.1935
2017-08-02 00:00:00,247.44,88.65,4.3824
2017-08-03 00:00:00,246.96,88.48,4.6682
2017-08-04 00:00:00,247.41,88.5,4.6979
2017-08-07 00:00:00,247.87,88.46,5.3309
2017-08-08 00:00:00,247.26,88.08,5.232
2017-08-09 00:00:00,247.25,87.74,5.143
2017-08-10 00:00:00,243.76,87.18,5.5386
2017-08-11 00:00:00,244.12,87.33,6.0979
2017-08-14 00:00:00,246.54,87.79,7.3188
2017-08-15 00:00:00,246.51,87.82,6.775
2017-08-16 00:00:00,246.94,87.83,7.2496
2017-08-17 00:00:00,243.09,87.34,7.3485
2017-08-18 00:00:00,242.71,87.47,6.9578
2017-08-21 00:00:00,242.9,87.56,6.9133
2017-08-22 00:00:00,245.44,87.92,7.0988
2017-08-23 00:00:00,244.56,87.93,7.2199
2017-08-24 00:00:00,243.99,88.06,7.4177
2017-08-25 00:00:00,244.56,88.22,7.4672
2017-08-28 00:00:00,244.57,88.23,7.5785
2017-08-29 00:00:00,244.85,88.12,8.2385
2017-08-30 00:00:00,246.01,88.36,9.1683
2017-08-31 00:00:00,247.49,88.6,9.9398
2017-09-01 00:00:00,247.84,88.32,7.9123
2017-09-05 00:00:00,246.06,88.12,7.665
2017-09-06 00:00:00,246.9,88.06,8.2114
2017-09-07 00:00:00,246.87,88.07,7.8134
2017-09-08 00:00:00,246.58,87.79,7.1113
2017-09-11 00:00:00,249.21,88.07,6.8243
2017-09-12 00:00:00,250.05,88.18,6.8738
2017-09-13 00:00:00,250.17,88.21,5.5979
2017-09-14 00:00:00,250.09,88.33,5.1269
2017-09-15 00:00:00,249.19,88.41,6.231
2017-09-18 00:00:00,249.72,88.37,7.3681
2017-09-19 00:00:00,249.97,88.46,6.9727
2017-09-20 00:00:00,250.06,88.45,7.0221
2017-09-21 00:00:00,249.39,88.34,6.4783
2017-09-22 00:00:00,249.44,88.43,6.5573
2017-09-25 00:00:00,248.93,88.48,6.8253
2017-09-26 00:00:00,249.08,88.59,6.8491
2017-09-27 00:00:00,250.05,88.63,7.3139
2017-09-28 00:00:00,250.35,88.63,7.0765
2017-09-29 00:00:00,251.23,88.76,6.943
2017-10-02 00:00:00,252.32,88.35,7.0272
2017-10-03 00:00:00,252.86,88.51,6.7848
2017-10-04 00:00:00,253.16,88.42,6.7712
2017-10-05 00:00:00,254.66,88.53,6.8837
2017-10-06 00:00:00,254.37,88.4,6.8045
2017-10-09 00:00:00,253.95,88.41,6.901
2017-10-10 00:00:00,254.62,88.48,6.6209
2017-10-11 00:00:00,255.02,88.39,6.1817
2017-10-12 00:00:00,254.64,88.29,6.7119
2017-10-13 00:00:00,254.95,88.33,6.6987
2017-10-16 00:00:00,255.29,88.38,6.4881
2017-10-17 00:00:00,255.47,88.51,6.6453
2017-10-18 00:00:00,255.72,88.6,6.5885
2017-10-19 00:00:00,255.79,88.61,6.6867
2017-10-20 00:00:00,257.11,88.69,6.9481
2017-10-23 00:00:00,256.11,88.59,6.8045
2017-10-24 00:00:00,256.56,88.59,6.7254
2017-10-25 00:00:00,255.29,88.34,6.6958
2017-10-26 00:00:00,255.62,88.23,6.9208
2017-10-27 00:00:00,257.71,88.47,6.7403
2017-10-30 00:00:00,256.75,88.45,7.1804
2017-10-31 00:00:00,257.15,88.47,8.1928
2017-11-01 00:00:00,257.49,88.02,8.387
2017-11-02 00:00:00,257.59,87.97,9.1683
2017-11-03 00:00:00,258.45,87.98,9.3958
2017-11-06 00:00:00,258.85,87.99,9.1388
2017-11-07 00:00:00,258.67,87.74,8.8914
2017-11-08 00:00:00,259.11,87.35,9.109
2017-11-09 00:00:00,258.17,86.92,9.1609
2017-11-10 00:00:00,258.09,87.11,8.7035
2017-11-13 00:00:00,258.33,87.05,8.476
2017-11-14 00:00:00,257.73,86.68,7.9123
2017-11-15 00:00:00,256.44,86.68,8.6046
2017-11-16 00:00:00,258.62,87.53,8.9309
2017-11-17 00:00:00,257.86,87.47,8.9557
2017-11-20 00:00:00,258.3,87.49,9.4947
2017-11-21 00:00:00,259.99,87.67,9.6055
2017-11-22 00:00:00,259.76,87.81,9.8409
2017-11-24 00:00:00,260.36,87.87,10.6223
2017-11-27 00:00:00,260.23,87.6,13.1442
2017-11-28 00:00:00,262.87,87.87,14.5389
2017-11-29 00:00:00,262.71,87.76,15.4586
2017-11-30 00:00:00,265.01,87.78,15.0432
2017-12-01 00:00:00,264.46,87.38,16.4674
2017-12-04 00:00:00,264.14,87.35,18.0498
2017-12-05 00:00:00,263.19,87.3,15.5662
2017-12-06 00:00:00,263.24,87.22,16.5366
2017-12-07 00:00:00,264.07,87.26,18.0005
2017-12-08 00:00:00,265.51,87.35,16.3181
2017-12-11 00:00:00,266.31,87.37,18.2995
2017-12-12 00:00:00,266.78,87.33,22.4807
2017-12-13 00:00:00,266.75,87.38,23.0939
2017-12-14 00:00:00,265.66,87.2,23.4894
2017-12-15 00:00:00,266.51,87.21,26.694
2017-12-18 00:00:00,268.2,87.3,34.2502
2017-12-19 00:00:00,267.17,87.12,29.8786
2017-12-20 00:00:00,267.03,87.19,23.5686
2017-12-21 00:00:00,267.58,86.92,17.5257
2017-12-22 00:00:00,267.51,87,19.6818
2017-12-26 00:00:00,267.19,87.13,23.3412
2017-12-27 00:00:00,267.32,87.17,21.2642
2017-12-28 00:00:00,267.87,87.13,19.1576
2017-12-29 00:00:00,266.86,87.26,19.9389
2018-01-02 00:00:00,268.77,87.34,22.367
2018-01-03 00:00:00,270.47,87.76,22.3027
2018-01-04 00:00:00,271.61,87.91,21.7983
2018-01-05 00:00:00,273.42,87.97,23.1224
2018-01-08 00:00:00,273.92,87.9,21.8055
2018-01-09 00:00:00,274.54,87.63,21.3631
2018-01-10 00:00:00,274.12,87.44,19.3949
2018-01-11 00:00:00,276.12,87.73,16.8927
2018-01-12 00:00:00,277.92,87.58,19.4839
2018-01-16 00:00:00,276.97,87.53,17.1696
2018-01-17 00:00:00,279.61,87.54,16.1806
2018-01-18 00:00:00,279.14,87.45,18.3663
2018-01-19 00:00:00,280.41,87.54,17.4864
2018-01-22 00:00:00,282.69,87.62,16.6751
2018-01-23 00:00:00,283.29,87.88,16.3453
2018-01-24 00:00:00,283.18,87.75,16.5173
2018-01-25 00:00:00,283.3,87.69,16.6652
2018-01-26 00:00:00,286.58,87.76,16.2696
2018-01-29 00:00:00,284.68,87.45,17.2264
2018-01-30 00:00:00,281.76,87.15,15.7594
2018-01-31 00:00:00,281.9,87.3,14.0313
2018-02-01 00:00:00,281.58,86.77,11.7993
2018-02-02 00:00:00,275.45,86.22,10.8002
2018-02-05 00:00:00,263.93,85.74,9.0452
2018-02-06 00:00:00,269.13,86.26,11.0792
2018-02-07 00:00:00,267.67,85.94,12.3213
2018-02-08 00:00:00,257.63,85.19,12.5508
2018-02-09 00:00:00,261.5,84.95,12.9063
2018-02-12 00:00:00,265.34,85.53,13.3833
2018-02-13 00:00:00,266,85.26,12.9513
2018-02-14 00:00:00,269.59,85.41,14.7963
2018-02-15 00:00:00,273.03,86.1,16.7764
2018-02-16 00:00:00,273.11,86.45,15.9844
2018-02-20 00:00:00,271.4,86.15,17.9914
2018-02-21 00:00:00,270.05,85.76,16.0744
2018-02-22 00:00:00,270.4,85.82,15.2283
2018-02-23 00:00:00,274.71,86.39,15.4893
2018-02-26 00:00:00,277.9,86.54,16.0384
2018-02-27 00:00:00,274.43,86.31,16.3444
2018-02-28 00:00:00,271.65,86.18,16.0474
2018-03-01 00:00:00,267.7,85.27,16.2904
2018-03-02 00:00:00,269.08,85.75,16.2004
2018-03-05 00:00:00,272.19,85.75,16.7495
2018-03-06 00:00:00,272.88,85.87,15.4443
2018-03-07 00:00:00,272.78,85.66,14.1663
2018-03-08 00:00:00,274.1,85.76,14.1663
2018-03-09 00:00:00,278.87,86.07,13.4912
2018-03-12 00:00:00,278.52,85.93,13.6443
2018-03-13 00:00:00,276.72,85.66,13.3203
2018-03-14 00:00:00,275.3,85.56,11.9748
2018-03-15 00:00:00,275,85.62,12.1143
2018-03-16 00:00:00,274.2,85.8,12.8073
2018-03-19 00:00:00,270.49,85.45,12.2403
2018-03-20 00:00:00,270.95,85.62,13.1403
2018-03-21 00:00:00,270.43,85.65,13.2753
2018-03-22 00:00:00,263.67,85.14,12.6813
2018-03-23 00:00:00,258.05,84.92,12.3483
2018-03-26 00:00:00,265.11,85.47,11.3493
2018-03-27 00:00:00,260.6,85.39,10.7552
2018-03-28 00:00:00,259.83,85.35,10.1522
2018-03-29 00:00:00,263.15,85.64,9.4412
2018-04-02 00:00:00,257.47,84.96,10.0712
2018-04-03 00:00:00,260.77,85.2,11.4033
2018-04-04 00:00:00,263.56,85.39,10.0082
2018-04-05 00:00:00,265.64,85.46,9.9092
2018-04-06 00:00:00,259.72,85.27,9.4952
2018-04-09 00:00:00,261,85.59,9.4952
2018-04-10 00:00:00,265.15,85.9,9.9452
2018-04-11 00:00:00,263.76,85.93,10.3322
2018-04-12 00:00:00,265.93,86.24,11.2322
2018-04-13 00:00:00,265.15,86.29,12.1683
2018-04-16 00:00:00,267.33,86.42,11.8623
2018-04-17 00:00:00,270.19,86.46,11.1872
2018-04-18 00:00:00,270.39,86.37,11.9163
2018-04-19 00:00:00,268.89,86.1,12.2853
2018-04-20 00:00:00,266.61,85.89,13.3653
2018-04-23 00:00:00,266.57,85.66,13.7253
2018-04-24 00:00:00,262.98,85.49,15.1923
2018-04-25 00:00:00,263.63,85.5,13.5633
2018-04-26 00:00:00,266.31,85.8,13.8153
2018-04-27 00:00:00,266.56,85.76,13.9503
2018-04-30 00:00:00,264.51,85.7,14.2653
2018-05-01 00:00:00,264.98,85.4,13.4463
2018-05-02 00:00:00,263.2,85.37,12.9963
2018-05-03 00:00:00,262.62,85.36,13.6803
2018-05-04 00:00:00,266.02,85.42,14.0313
2018-05-07 00:00:00,266.92,85.5,13.4733
2018-05-08 00:00:00,266.92,85.37,13.2394
2018-05-09 00:00:00,269.5,85.51,13.4733
2018-05-10 00:00:00,272.02,85.76,13.1223
2018-05-11 00:00:00,272.85,85.73,12.6903
2018-05-14 00:00:00,272.98,85.75,13.0503
2018-05-15 00:00:00,271.1,85.33,12.8253
2018-05-16 00:00:00,272.24,85.44,12.3753
2018-05-17 00:00:00,272.01,85.49,12.1773
2018-05-18 00:00:00,271.33,85.4,12.1818
2018-05-21 00:00:00,273.37,85.52,12.2493
2018-05-22 00:00:00,272.61,85.58,11.7723
2018-05-23 00:00:00,273.36,85.65,10.9982
2018-05-24 00:00:00,272.8,85.7,11.0162
2018-05-25 00:00:00,272.15,85.56,10.9352
2018-05-29 00:00:00,269.02,85.2,10.9352
2018-05-30 00:00:00,272.61,85.46,10.7642
2018-05-31 00:00:00,270.94,85.38,11.0522
2018-06-01 00:00:00,273.6,85.19,10.8902
2018-06-04 00:00:00,274.9,85.37,10.7822
2018-06-05 00:00:00,275.1,85.47,11.1872
2018-06-06 00:00:00,277.4,85.68,11.2052
2018-06-07 00:00:00,277.37,85.71,11.5743
2018-06-08 00:00:00,278.19,85.66,11.4303
2018-06-11 00:00:00,278.56,85.82,10.5302
2018-06-12 00:00:00,278.92,85.89,10.1612
2018-06-13 00:00:00,278.03,85.92,9.5402
2018-06-14 00:00:00,278.73,86.17,10.3772
2018-06-15 00:00:00,277.13,86.12,9.8552
2018-06-18 00:00:00,276.56,86.11,9.9452
2018-06-19 00:00:00,275.5,85.99,9.9002
2018-06-20 00:00:00,275.97,86.08,9.8102
2018-06-21 00:00:00,274.24,85.9,9.6302
2018-06-22 00:00:00,274.74,85.91,9.0902
2018-06-25 00:00:00,271,85.71,8.8202
2018-06-26 00:00:00,271.6,85.7,8.3072
2018-06-27 00:00:00,269.35,85.52,7.6682
2018-06-28 00:00:00,270.89,85.28,8.0462
2018-06-29 00:00:00,271.28,85.08,7.6772
2018-07-02 00:00:00,271.86,84.78,9.1802
2018-07-03 00:00:00,270.9,84.79,9.0092
2018-07-05 00:00:00,273.11,85.11,9.0452
2018-07-06 00:00:00,275.42,85.33,9.2072
2018-07-09 00:00:00,277.9,85.46,9.2702
2018-07-10 00:00:00,278.9,85.47,8.3432
2018-07-11 00:00:00,276.86,85.34,8.4152
2018-07-12 00:00:00,279.37,85.61,8.3792
2018-07-13 00:00:00,279.59,85.61,8.3162
2018-07-16 00:00:00,279.34,85.55,9.2702
2018-07-17 00:00:00,280.47,85.58,10.3412
2018-07-18 00:00:00,281.06,85.62,9.7472
2018-07-19 00:00:00,280,85.58,9.8552
2018-07-20 00:00:00,279.68,85.62,9.9002
2018-07-23 00:00:00,280.2,85.59,10.4222
2018-07-24 00:00:00,281.61,85.77,11.0342
2018-07-25 00:00:00,284.01,85.93,10.6922
2018-07-26 00:00:00,283.34,85.94,10.8902
2018-07-27 00:00:00,281.42,85.91,10.7552
2018-07-30 00:00:00,279.95,85.94,9.9992
2018-07-31 00:00:00,281.33,86.12,9.3782
2018-08-01 00:00:00,280.86,85.83,9.0902
2018-08-02 00:00:00,282.39,85.88,9.3152
2018-08-03 00:00:00,283.6,85.95,9.1352
2018-08-06 00:00:00,284.64,86.11,8.9732
2018-08-07 00:00:00,285.58,86.15,9.1172
2018-08-08 00:00:00,285.46,86.1,8.7572
2018-08-09 00:00:00,285.07,86.04,8.7662
2018-08-10 00:00:00,283.16,85.89,8.6402
2018-08-13 00:00:00,282.1,85.83,8.4692
2018-08-14 00:00:00,283.9,85.98,8.2802
2018-08-15 00:00:00,281.78,85.83,8.6762
2018-08-16 00:00:00,284.06,85.94,8.1902
2018-08-17 00:00:00,285.06,86.04,7.9832
2018-08-20 00:00:00,285.67,86.08,7.8842
2018-08-21 00:00:00,286.34,86.21,7.9832
2018-08-22 00:00:00,286.17,86.24,8.0372
2018-08-23 00:00:00,285.79,86.23,7.9382
2018-08-24 00:00:00,287.51,86.38,8.2622
2018-08-27 00:00:00,289.78,86.41,8.4062
2018-08-28 00:00:00,289.92,86.37,8.8742
2018-08-29 00:00:00,291.48,86.32,8.5412
2018-08-30 00:00:00,290.3,86.25,8.2172
2018-08-31 00:00:00,290.31,86.36,8.5502
2018-09-04 00:00:00,289.81,85.81,8.5502
2018-09-05 00:00:00,289.03,85.72,7.9652
2018-09-06 00:00:00,288.16,85.79,7.7222
2018-09-07 00:00:00,287.6,85.7,7.5062
2018-09-10 00:00:00,288.1,85.87,7.4072
2018-09-11 00:00:00,289.05,85.89,7.3262
2018-09-12 00:00:00,289.12,86.09,7.4162
2018-09-13 00:00:00,290.83,86.25,7.8212
2018-09-14 00:00:00,290.88,86.33,7.6952
2018-09-17 00:00:00,289.34,86.27,7.2362
2018-09-18 00:00:00,290.91,86.26,7.2902
2018-09-19 00:00:00,291.22,86.1,7.3532
2018-09-20 00:00:00,293.58,86.22,7.2812
2018-09-21 00:00:00,291.99,86.24,7.9652
2018-09-24 00:00:00,291.02,86.2,7.4882
2018-09-25 00:00:00,290.75,86.13,7.2452
2018-09-26 00:00:00,289.88,86.22,7.2272
2018-09-27 00:00:00,290.69,86.38,7.2722
2018-09-28 00:00:00,290.72,86.44,7.1462
2018-10-01 00:00:00,291.73,86.3,6.9572
2018-10-02 00:00:00,291.56,86.23,6.6601
2018-10-03 00:00:00,291.72,86,6.6241
2018-10-04 00:00:00,289.44,85.68,6.7141
2018-10-05 00:00:00,287.82,85.3,6.5701
2018-10-08 00:00:00,287.82,85.11,7.0922
2018-10-09 00:00:00,287.4,85.24,6.9527
2018-10-10 00:00:00,278.3,84.63,6.5791
2018-10-11 00:00:00,272.17,84.7,6.1021
2018-10-12 00:00:00,275.95,85.15,6.1651
2018-10-15 00:00:00,274.4,85.09,6.5251
2018-10-16 00:00:00,280.4,85.38,6.5521
2018-10-17 00:00:00,280.45,85.21,6.4891
2018-10-18 00:00:00,276.4,84.85,6.2821
2018-10-19 00:00:00,276.25,84.9,6.3451
2018-10-22 00:00:00,275.01,84.94,6.4621
2018-10-23 00:00:00,273.61,84.86,6.4981
2018-10-24 00:00:00,265.32,84.44,6.4711
2018-10-25 00:00:00,270.08,84.61,6.3361
2018-10-26 00:00:00,265.33,84.23,6.2731
2018-10-29 00:00:00,263.86,84.15,6.1471
2018-10-30 00:00:00,267.77,84.35,5.9941
2018-10-31 00:00:00,270.63,84.35,6.0661
2018-11-01 00:00:00,273.51,84.32,5.9761
2018-11-02 00:00:00,271.89,84.27,6.2371
2018-11-05 00:00:00,273.39,84.34,6.4486
2018-11-06 00:00:00,275.12,84.56,6.7411
2018-11-07 00:00:00,281.01,85.05,6.9482
2018-11-08 00:00:00,280.5,84.84,6.6961
2018-11-09 00:00:00,277.76,84.36,6.3541
2018-11-12 00:00:00,272.57,83.84,6.2191
2018-11-13 00:00:00,272.06,83.7,6.1831
2018-11-14 00:00:00,270.2,83.54,5.3821
2018-11-15 00:00:00,273.02,83.52,5.6251
2018-11-16 00:00:00,273.73,83.27,5.4451
2018-11-19 00:00:00,269.1,83.01,4.8601
2018-11-20 00:00:00,264.12,82.75,4.4056
2018-11-21 00:00:00,265.02,83.17,4.5271
2018-11-23 00:00:00,263.25,82.71,4.3921
2018-11-26 00:00:00,267.5,83.1,4.0411
2018-11-27 00:00:00,268.4,83.06,4.2301
2018-11-28 00:00:00,274.58,83.75,4.9861
2018-11-29 00:00:00,273.98,83.77,4.7611
2018-11-30 00:00:00,275.65,83.6,4.4911
2018-12-03 00:00:00,279.3,83.8,4.2751
2018-12-04 00:00:00,270.25,83.28,4.0591
2018-12-06 00:00:00,269.84,82.99,3.8611
2018-12-07 00:00:00,263.57,82.83,3.5821
2018-12-10 00:00:00,264.07,82.89,3.6271
2018-12-11 00:00:00,264.13,83.04,3.5551
2018-12-12 00:00:00,265.46,83.31,3.6451
2018-12-13 00:00:00,265.37,83.51,3.4966
2018-12-14 00:00:00,260.47,83.16,3.4561
2018-12-17 00:00:00,255.36,82.62,3.9151
2018-12-18 00:00:00,255.08,82.08,3.7351
2018-12-19 00:00:00,251.26,81.34,3.8791
2018-12-20 00:00:00,247.17,80.63,4.1671
2018-12-21 00:00:00,240.7,80.23,3.8881
2018-12-24 00:00:00,234.34,79.63,4.3111
2018-12-26 00:00:00,246.18,80.97,3.8251
2018-12-27 00:00:00,248.07,80.92,3.6361
2018-12-28 00:00:00,247.75,81.04,3.7531
2018-12-31 00:00:00,249.92,81.1,3.5686
2019-01-02 00:00:00,250.18,80.99,4.1581
2019-01-03 00:00:00,244.21,81.03,4.0681
2019-01-04 00:00:00,252.39,82.39,4.0771
2019-01-07 00:00:00,254.38,83.19,4.3741
2019-01-08 00:00:00,256.77,83.73,4.4641
2019-01-09 00:00:00,257.97,83.83,4.2391
2019-01-10 00:00:00,258.88,84.16,3.8881
2019-01-11 00:00:00,258.98,83.89,3.8881
2019-01-14 00:00:00,257.4,83.62,4.0231
2019-01-15 00:00:00,260.35,83.9,3.7891
2019-01-16 00:00:00,260.98,84.03,3.8161
2019-01-17 00:00:00,262.96,84.26,3.9871
2019-01-18 00:00:00,266.46,84.5,3.9061
2019-01-22 00:00:00,262.86,83.94,3.8251
2019-01-23 00:00:00,263.41,84.11,3.7081
2019-01-24 00:00:00,263.55,84.2,3.8251
2019-01-25 00:00:00,265.78,84.41,3.7711
2019-01-28 00:00:00,263.76,84.28,3.5371
2019-01-29 00:00:00,263.41,84.23,3.6181
2019-01-30 00:00:00,267.58,84.9,3.6541
2019-01-31 00:00:00,269.93,85.11,3.5911
2019-02-01 00:00:00,270.06,84.68,3.6181
2019-02-04 00:00:00,271.96,84.88,3.5641
2019-02-05 00:00:00,273.1,85.18,3.5101
2019-02-06 00:00:00,272.74,85.1,3.4561
2019-02-07 00:00:00,270.14,84.81,3.4831
2019-02-08 00:00:00,270.47,84.79,4.0141
2019-02-11 00:00:00,270.62,84.83,3.8071
2019-02-12 00:00:00,274.1,85.24,3.9466
2019-02-13 00:00:00,274.99,85.12,3.7441
2019-02-14 00:00:00,274.38,85.13,3.6721
2019-02-15 00:00:00,277.37,85.4,3.7711
2019-02-19 00:00:00,277.85,85.43,4.2121
2019-02-20 00:00:00,278.41,85.5,4.3381
2019-02-21 00:00:00,277.42,85.42,4.2481
2019-02-22 00:00:00,279.14,85.59,4.3561
2019-02-25 00:00:00,279.52,85.66,4.1851
2019-02-26 00:00:00,279.32,85.77,3.9241
2019-02-27 00:00:00,279.2,85.8,3.8701
2019-02-28 00:00:00,278.68,85.75,4.0141
2019-03-01 00:00:00,280.42,85.61,4.1221
2019-03-04 00:00:00,279.4,85.48,3.8611
2019-03-05 00:00:00,279.02,85.44,4.1131
2019-03-06 00:00:00,277.33,85.3,4.1851
2019-03-07 00:00:00,275.01,85.24,4.2751
2019-03-08 00:00:00,274.46,85.1,4.3741
2019-03-11 00:00:00,278.44,85.38,4.1581
2019-03-12 00:00:00,279.49,85.53,4.1401
2019-03-13 00:00:00,281.34,85.76,4.0501
2019-03-14 00:00:00,281.16,85.7,4.0501
2019-03-15 00:00:00,281.31,85.78,4.1941
2019-03-18 00:00:00,282.33,85.75,4.3921
2019-03-19 00:00:00,282.4,85.8,4.4911
2019-03-20 00:00:00,281.55,86.17,4.4281
2019-03-21 00:00:00,284.73,86.15,4.3291
2019-03-22 00:00:00,279.25,85.84,4.3133
2019-03-25 00:00:00,279.04,85.81,4.1131
2019-03-26 00:00:00,281.12,86.02,4.1041
2019-03-27 00:00:00,279.65,86.08,4.1581
2019-03-28 00:00:00,280.71,86.25,4.0861
2019-03-29 00:00:00,282.48,86.47,4.3021
2019-04-01 00:00:00,285.83,86.07,4.4731
2019-04-02 00:00:00,285.97,86.11,5.1661
2019-04-03 00:00:00,286.42,86.14,5.5711
2019-04-04 00:00:00,287.18,86.27,5.2381
2019-04-05 00:00:00,288.57,86.43,5.6341
2019-04-08 00:00:00,288.79,86.38,6.1471
2019-04-09 00:00:00,287.31,86.32,5.9761
2019-04-10 00:00:00,288.29,86.7,6.5881
2019-04-11 00:00:00,288.21,86.83,5.9941
2019-04-12 00:00:00,290.16,86.96,5.8411
2019-04-15 00:00:00,289.97,86.9,5.5261
2019-04-16 00:00:00,290.16,86.85,6.0211
2019-04-17 00:00:00,289.45,86.64,6.0391
2019-04-18 00:00:00,290.02,86.68,6.2101
2019-04-22 00:00:00,290.27,86.53,6.3631
2019-04-23 00:00:00,292.88,86.83,6.6511
2019-04-24 00:00:00,292.23,86.71,6.1111
2019-04-25 00:00:00,292.05,86.75,6.2821
2019-04-26 00:00:00,293.41,86.97,5.6521
2019-04-29 00:00:00,293.87,86.93,5.5891
2019-04-30 00:00:00,294.02,86.94,5.9491
2019-05-01 00:00:00,291.81,86.29,6.0751
2019-05-02 00:00:00,291.18,86.35,6.1651
2019-05-03 00:00:00,294.03,86.57,6.5926
2019-05-06 00:00:00,292.82,86.61,6.7682
2019-05-07 00:00:00,287.93,86.09,7.0292
2019-05-08 00:00:00,287.53,86.12,7.0562
2019-05-09 00:00:00,286.66,85.99,7.4072
2019-05-10 00:00:00,288.1,86.23,7.7402
2019-05-13 00:00:00,280.86,85.44,9.1892
2019-05-14 00:00:00,283.4,85.63,8.5322
2019-05-15 00:00:00,285.06,85.71,9.4952
2019-05-16 00:00:00,287.7,85.97,8.9462
2019-05-17 00:00:00,285.84,85.94,8.3072
2019-05-20 00:00:00,283.95,85.86,8.9552
2019-05-21 00:00:00,286.51,86.13,9.3602
2019-05-22 00:00:00,285.63,86.2,9.1532
2019-05-23 00:00:00,282.14,85.77,8.9912
2019-05-24 00:00:00,282.78,85.65,9.6302
2019-05-28 00:00:00,280.15,85.57,10.2962
2019-05-29 00:00:00,278.27,85.34,10.4672
2019-05-30 00:00:00,279.03,85.52,10.4672
2019-05-31 00:00:00,275.27,84.9,9.9542
2019-06-03 00:00:00,274.57,84.65,9.6932
2019-06-04 00:00:00,280.53,85.5,8.2082
2019-06-05 00:00:00,282.96,85.7,8.8382
2019-06-06 00:00:00,284.8,85.88,8.3252
2019-06-07 00:00:00,287.65,86.1,9.3242
2019-06-10 00:00:00,288.97,86.23,9.2252
2019-06-11 00:00:00,288.9,86.35,8.8202
2019-06-12 00:00:00,288.39,86.15,9.4052
2019-06-13 00:00:00,289.58,86.35,9.6752
2019-06-14 00:00:00,289.26,86.29,9.7202
2019-06-17 00:00:00,289.37,86.16,10.8002
2019-06-18 00:00:00,292.4,86.76,10.3142
2019-06-19 00:00:00,293.06,87.17,10.3142
2019-06-20 00:00:00,295.86,87.61,11.4573
2019-06-21 00:00:00,294,87.33,12.1953
2019-06-24 00:00:00,293.64,87.32,13.1763
2019-06-25 00:00:00,290.76,86.95,13.3923
2019-06-26 00:00:00,290.47,86.91,15.3723
2019-06-27 00:00:00,291.5,87.15,12.4383
2019-06-28 00:00:00,293,87.18,13.6173
2019-07-01 00:00:00,295.66,86.82,11.4573
2019-07-02 00:00:00,296.43,87.01,12.5643
2019-07-03 00:00:00,298.8,87.34,13.2303
2019-07-05 00:00:00,298.46,86.99,13.2033
2019-07-08 00:00:00,296.82,86.82,14.1573
2019-07-09 00:00:00,297.19,86.72,14.7153
2019-07-10 00:00:00,298.61,86.96,13.7163
2019-07-11 00:00:00,299.31,86.79,13.4013
2019-07-12 00:00:00,300.65,86.93,13.3653
2019-07-15 00:00:00,300.75,86.99,13.0143
2019-07-16 00:00:00,299.71,86.81,11.3493
2019-07-17 00:00:00,297.74,86.7,11.5653
2019-07-18 00:00:00,298.83,86.74,12.3033
2019-07-19 00:00:00,297.17,86.59,11.9073
2019-07-22 00:00:00,297.9,86.88,11.7813
2019-07-23 00:00:00,300.03,87.03,11.8623
2019-07-24 00:00:00,301.44,87.1,11.0432
2019-07-25 00:00:00,300,86.98,11.3313
2019-07-26 00:00:00,302.01,87.17,11.2412
2019-07-29 00:00:00,301.46,87.04,10.9442
2019-07-30 00:00:00,300.72,87.08,11.4933
2019-07-31 00:00:00,297.43,86.93,12.2763
2019-08-01 00:00:00,294.84,86.52,12.5823
2019-08-02 00:00:00,292.62,86.39,12.7623
2019-08-05 00:00:00,283.82,85.49,13.1403
2019-08-06 00:00:00,287.8,86.04,13.2933
2019-08-07 00:00:00,287.97,86.03,13.4733
2019-08-08 00:00:00,293.62,86.37,13.0503
2019-08-09 00:00:00,291.62,86.25,13.3923
2019-08-12 00:00:00,288.07,85.95,13.1403
2019-08-13 00:00:00,292.55,86.33,12.1683
2019-08-14 00:00:00,283.9,85.56,11.0522
2019-08-15 00:00:00,284.65,85.81,11.4393
2019-08-16 00:00:00,288.85,86.1,12.1053
2019-08-19 00:00:00,292.33,86.35,12.3663
2019-08-20 00:00:00,290.09,86.42,12.1503
2019-08-21 00:00:00,292.45,86.79,11.7723
2019-08-22 00:00:00,292.36,86.95,11.9073
2019-08-23 00:00:00,284.85,86.55,12.0963
2019-08-26 00:00:00,288,86.98,11.7093
2019-08-27 00:00:00,286.87,86.94,11.4573
2019-08-28 00:00:00,288.89,87.15,10.6742
2019-08-29 00:00:00,292.58,87.24,10.4402
2019-08-30 00:00:00,292.45,87.16,10.5482
2019-09-03 00:00:00,290.74,86.54,11.6373
2019-09-04 00:00:00,294.04,86.72,11.8533
2019-09-05 00:00:00,297.82,87.06,11.5653
2019-09-06 00:00:00,298.05,87.14,11.3853
2019-09-09 00:00:00,298.2,87.23,11.0612
2019-09-10 00:00:00,298.13,87.28,10.8452
2019-09-11 00:00:00,300.25,87.27,11.0522
2019-09-12 00:00:00,301.29,87.32,11.4123
2019-09-13 00:00:00,301.09,87.16,11.3313
2019-09-16 00:00:00,300.16,87.47,11.0252
2019-09-17 00:00:00,300.92,87.52,11.5113
2019-09-18 00:00:00,301.1,87.47,11.3295
2019-09-19 00:00:00,301.08,87.37,11.3853
2019-09-20 00:00:00,298.28,87.48,11.5203
2019-09-23 00:00:00,298.21,87.44,10.9982
2019-09-24 00:00:00,295.87,87.32,9.9542
2019-09-25 00:00:00,297.62,87.23,9.1802
2019-09-26 00:00:00,297,87.17,9.0452
2019-09-27 00:00:00,295.4,87.07,8.8472
2019-09-30 00:00:00,296.77,87.17,9.5312
2019-10-01 00:00:00,293.24,86.62,8.9102
2019-10-02 00:00:00,288.06,86.11,8.6942
2019-10-03 00:00:00,290.42,86.16,8.7752
2019-10-04 00:00:00,294.35,86.43,8.8112
2019-10-07 00:00:00,293.08,86.36,8.8652
2019-10-08 00:00:00,288.53,86.04,8.6717
2019-10-09 00:00:00,291.27,86.3,9.3422
2019-10-10 00:00:00,293.24,86.41,9.2972
2019-10-11 00:00:00,296.28,86.77,8.8292
2019-10-14 00:00:00,295.95,86.83,8.7482
2019-10-15 00:00:00,298.88,87.02,8.3522
2019-10-16 00:00:00,298.4,86.95,7.8842
2019-10-17 00:00:00,299.28,87.07,8.0732
2019-10-18 00:00:00,297.97,87.09,7.8527
2019-10-21 00:00:00,299.99,87.12,8.1632
2019-10-22 00:00:00,299.01,87.14,8.1182
2019-10-23 00:00:00,299.88,87.22,7.6952
2019-10-24 00:00:00,300.37,87.32,7.6322
2019-10-25 00:00:00,301.6,87.39,9.2792
2019-10-28 00:00:00,303.3,87.38,10.1342
2019-10-29 00:00:00,303.21,87.22,9.8912
2019-10-30 00:00:00,304.14,87.11,9.7652
2019-10-31 00:00:00,303.33,86.81,10.0082
2019-11-01 00:00:00,306.14,86.82,10.0802
2019-11-04 00:00:00,307.37,87,10.6382
2019-11-05 00:00:00,307.03,86.91,10.4852
2019-11-06 00:00:00,307.1,86.81,10.0802
2019-11-07 00:00:00,308.18,86.77,9.7922
2019-11-08 00:00:00,308.94,86.85,9.7922
2019-11-11 00:00:00,308.35,86.8,9.6842
2019-11-12 00:00:00,309,86.82,9.6122
2019-11-13 00:00:00,309.1,86.73,9.5942
2019-11-14 00:00:00,309.55,86.68,9.4142
2019-11-15 00:00:00,311.79,86.94,9.2342
2019-11-18 00:00:00,312.02,86.83,9.0902
2019-11-19 00:00:00,311.93,86.52,8.6492
2019-11-20 00:00:00,310.77,86.34,8.7212
2019-11-21 00:00:00,310.27,86.36,8.3792
2019-11-22 00:00:00,310.96,86.69,8.3432
2019-11-25 00:00:00,313.37,86.92,8.1362
2019-11-26 00:00:00,314.08,87.02,8.1002
2019-11-27 00:00:00,315.48,87.13,8.6222
2019-11-29 00:00:00,314.31,86.94,8.6132
2019-12-02 00:00:00,311.64,86.54,8.0912
2019-12-03 00:00:00,309.55,86.42,8.0912
2019-12-04 00:00:00,311.46,86.68,7.8572
2019-12-05 00:00:00,312.02,86.81,7.9292
2019-12-06 00:00:00,314.87,86.93,8.1002
2019-12-09 00:00:00,313.88,86.93,7.9382
2019-12-10 00:00:00,313.53,87.14,7.7852
2019-12-11 00:00:00,314.42,87.32,7.7582
2019-12-12 00:00:00,317.13,87.52,7.8932
2019-12-13 00:00:00,317.32,87.61,7.9112
2019-12-16 00:00:00,319.5,87.78,7.4432
2019-12-17 00:00:00,319.57,88.05,7.2092
2019-12-18 00:00:00,319.59,88.21,7.5782
2019-12-19 00:00:00,320.9,87.85,7.5962
2019-12-20 00:00:00,320.73,87.72,7.9922
2019-12-23 00:00:00,321.22,87.76,8.1002
2019-12-24 00:00:00,321.23,87.83,7.9652
2019-12-26 00:00:00,322.94,87.96,7.9382
2019-12-27 00:00:00,322.86,87.92,7.7222
2019-12-30 00:00:00,321.08,87.86,7.5782
2019-12-31 00:00:00,321.86,87.94,7.3712
2020-01-02 00:00:00,324.87,88.31,7.1822
2020-01-03 00:00:00,322.41,88.22,7.7312
2020-01-06 00:00:00,323.64,88.13,8.0912
2020-01-07 00:00:00,322.73,88.05,9.0902
2020-01-08 00:00:00,324.45,88.13,8.3895
2020-01-09 00:00:00,326.65,88.36,8.3702
2020-01-10 00:00:00,325.71,88.39,8.6402
2020-01-13 00:00:00,327.95,88.39,8.4962
2020-01-14 00:00:00,327.45,88.38,9.0272
2020-01-15 00:00:00,328.19,88.4,8.9913
2020-01-16 00:00:00,330.92,88.43,8.7437
2020-01-17 00:00:00,331.95,88.36,9.0632
2020-01-21 00:00:00,331.3,88.17,8.7662
2020-01-22 00:00:00,331.34,88.33,8.5772
2020-01-23 00:00:00,331.72,88.06,8.0912
2020-01-24 00:00:00,328.77,87.69,8.5322
2020-01-27 00:00:00,323.5,87.1,8.8382
2020-01-28 00:00:00,326.89,87.85,9.1082
2020-01-29 00:00:00,326.62,87.8,9.8102
2020-01-30 00:00:00,327.68,87.89,10.1972
2020-01-31 00:00:00,321.73,87.53,9.8102
2020-02-03 00:00:00,324.12,87.15,9.5267
2020-02-04 00:00:00,329.06,87.67,9.4862
2020-02-05 00:00:00,332.86,88.03,10.3637
2020-02-06 00:00:00,333.98,88.1,10.5303
2020-02-07 00:00:00,332.2,87.97,10.6112
2020-02-10 00:00:00,334.68,88.09,10.9622
2020-02-11 00:00:00,335.26,88.15,11.6958
2020-02-12 00:00:00,337.42,88.38,12.1323
2020-02-13 00:00:00,337.06,88.41,11.2953
2020-02-14 00:00:00,337.6,88.4,11.8875
2020-02-18 00:00:00,336.73,88.22,12.1143
2020-02-19 00:00:00,338.34,88.26,11.8173
2020-02-20 00:00:00,336.95,88.41,11.0972
2020-02-21 00:00:00,333.48,88.33,11.2818
2020-02-24 00:00:00,322.42,87.38,10.5482
2020-02-25 00:00:00,312.65,86.77,9.4817
2020-02-26 00:00:00,311.5,86.86,9.3242
2020-02-27 00:00:00,297.51,85.69,9.4592
2020-02-28 00:00:00,296.26,86.04,8.8652
2020-03-02 00:00:00,309.09,86.31,9.3197
2020-03-03 00:00:00,300.24,85.94,9.0002
2020-03-04 00:00:00,312.86,87.12,9.0362
2020-03-05 00:00:00,302.46,86.02,9.8372
2020-03-06 00:00:00,297.46,85.05,9.5222
2020-03-09 00:00:00,274.23,81.39,7.9832
2020-03-10 00:00:00,288.42,82.64,8.3342
2020-03-11 00:00:00,274.36,80.84,7.7492
2020-03-12 00:00:00,248.11,77.61,5.7781
2020-03-13 00:00:00,269.32,80.05,5.6881
2020-03-16 00:00:00,239.85,75.65,4.9852
2020-03-17 00:00:00,252.8,76.36,5.4901
2020-03-18 00:00:00,240,72.99,5.4091
2020-03-19 00:00:00,240.51,71.35,6.4801
2020-03-20 00:00:00,228.8,69.75,6.3001
2020-03-23 00:00:00,222.95,68.63,6.4711
2020-03-24 00:00:00,243.15,71.46,6.7952
2020-03-25 00:00:00,246.79,73.47,6.6151
2020-03-26 00:00:00,261.2,76.83,6.6241
2020-03-27 00:00:00,253.42,77.03,6.5701
2020-03-30 00:00:00,261.65,77.69,6.3451
2020-03-31 00:00:00,257.75,77.07,6.4081
2020-04-01 00:00:00,246.15,74.58,5.8456
2020-04-02 00:00:00,251.83,75.16,6.9482
2020-04-03 00:00:00,248.19,73.55,6.7321
2020-04-06 00:00:00,264.86,75.34,7.1552
2020-04-07 00:00:00,265.13,75.34,6.8942
2020-04-08 00:00:00,274.03,77.3,7.0652
2020-04-09 00:00:00,278.2,82.36,7.0202
2020-04-13 00:00:00,275.66,81.18,6.5251
2020-04-14 00:00:00,283.79,81.52,6.5971
2020-04-15 00:00:00,277.76,80.76,6.4306
2020-04-16 00:00:00,279.1,80.68,6.8942
2020-04-17 00:00:00,286.64,81.09,6.7411
2020-04-20 00:00:00,281.59,79.87,6.5701
2020-04-21 00:00:00,273.04,78.41,6.6961
2020-04-22 00:00:00,279.1,79.1,6.9302
2020-04-23 00:00:00,279.08,79.06,7.7537
2020-04-24 00:00:00,282.97,78.32,7.6952
2020-04-27 00:00:00,287.05,78.64,7.9157
2020-04-28 00:00:00,285.73,78.88,7.5602
2020-04-29 00:00:00,293.21,80.27,8.6402
2020-04-30 00:00:00,290.48,80.43,8.8832
2020-05-01 00:00:00,282.79,78.68,8.5187
2020-05-04 00:00:00,283.57,78.57,8.9732
2020-05-05 00:00:00,286.19,79.25,9.0272
2020-05-06 00:00:00,284.25,78.8,9.6752
2020-05-07 00:00:00,287.68,79,10.7777
2020-05-08 00:00:00,292.44,79.75,10.3052
2020-05-11 00:00:00,292.5,79.39,9.2612
2020-05-12 00:00:00,286.67,79.29,9.5672
2020-05-13 00:00:00,281.6,78.87,10.0892
2020-05-14 00:00:00,284.97,78.6,10.6202
2020-05-15 00:00:00,286.28,78.71,9.9452
2020-05-18 00:00:00,295,80.1,10.2692
2020-05-19 00:00:00,291.97,80.2,10.2692
2020-05-20 00:00:00,296.93,81.05,10.1027
2020-05-21 00:00:00,294.88,81.03,9.5222
2020-05-22 00:00:00,295.44,81.23,9.5942
2020-05-26 00:00:00,299.08,81.84,9.1622
2020-05-27 00:00:00,303.53,82.01,9.4862
2020-05-28 00:00:00,302.97,82.09,9.7922
2020-05-29 00:00:00,304.32,82.42,9.8012
2020-06-01 00:00:00,305.55,82.72,10.1522
2020-06-02 00:00:00,308.08,83.54,10.2737
2020-06-03 00:00:00,312.18,83.93,10.2062
2020-06-04 00:00:00,311.36,83.67,10.5572
2020-06-05 00:00:00,319.34,84.46,10.1297
2020-06-08 00:00:00,323.2,84.56,10.4222
2020-06-09 00:00:00,320.79,83.9,10.3772
2020-06-10 00:00:00,319,83.78,11.0657
2020-06-11 00:00:00,300.61,81.63,9.7202
2020-06-12 00:00:00,304.21,82.44,9.7922
2020-06-15 00:00:00,307.05,83.24,9.8012
2020-06-16 00:00:00,312.96,83.58,9.8147
2020-06-17 00:00:00,311.66,83.19,9.6302
2020-06-18 00:00:00,311.78,83.16,9.5222
2020-06-19 00:00:00,308.64,82.88,9.2792
2020-06-22 00:00:00,310.62,82.82,9.5087
2020-06-23 00:00:00,312.05,82.94,9.8507
2020-06-24 00:00:00,304.09,82.09,9.1802
2020-06-25 00:00:00,307.35,82.12,9.1262
2020-06-26 00:00:00,300.05,81.34,8.7302
2020-06-29 00:00:00,304.46,80.88,8.5412
2020-06-30 00:00:00,308.36,81.62,8.6447
2020-07-01 00:00:00,310.52,81.53,8.7842
2020-07-02 00:00:00,312.23,82.13,8.4332
2020-07-06 00:00:00,317.05,82.72,8.9462
2020-07-07 00:00:00,313.78,82.17,8.7783
2020-07-08 00:00:00,316.18,82.39,9.2972
2020-07-09 00:00:00,314.38,82.21,8.8832
2020-07-10 00:00:00,317.59,82.49,8.7752
2020-07-13 00:00:00,314.84,82.04,8.6402
2020-07-14 00:00:00,318.92,82.74,8.7617
2020-07-15 00:00:00,321.85,83.21,8.5232
2020-07-16 00:00:00,320.79,83.29,8.3792
2020-07-17 00:00:00,321.72,83.52,8.5862
2020-07-20 00:00:00,324.32,84.02,8.4782
2020-07-21 00:00:00,325.01,84.41,8.8832
2020-07-22 00:00:00,326.86,84.58,9.0722
2020-07-23 00:00:00,322.96,84.52,9.4412
2020-07-24 00:00:00,320.88,84.6,9.3422
2020-07-27 00:00:00,323.22,84.8,10.9352
2020-07-28 00:00:00,321.17,84.58,11.2773
2020-07-29 00:00:00,325.12,85.05,11.1152
2020-07-30 00:00:00,323.96,85.23,11.0027
2020-07-31 00:00:00,326.52,85.39,11.5338
2020-08-03 00:00:00,328.79,85.07,12.0063
2020-08-04 00:00:00,330.06,85.04,11.8803
2020-08-05 00:00:00,332.11,85.19,12.4563
2020-08-06 00:00:00,334.33,85.38,12.9963
2020-08-07 00:00:00,334.57,85.17,11.7543
2020-08-10 00:00:00,335.57,85.21,12.3213
2020-08-11 00:00:00,332.8,84.44,11.2953
2020-08-12 00:00:00,337.44,84.46,11.7961
2020-08-13 00:00:00,336.83,84.23,11.7993
2020-08-14 00:00:00,336.84,84.08,12.0603
2020-08-17 00:00:00,337.91,84.58,13.2753
2020-08-18 00:00:00,338.64,84.71,12.9513
2020-08-19 00:00:00,337.23,84.47,12.3393
2020-08-20 00:00:00,338.28,84.75,12.7443
2020-08-21 00:00:00,339.48,84.74,12.2223
2020-08-24 00:00:00,342.92,85.13,12.3483
2020-08-25 00:00:00,344.12,85.22,11.7003
2020-08-26 00:00:00,347.57,85.21,12.0513
2020-08-27 00:00:00,348.33,85.08,11.6013
2020-08-28 00:00:00,350.58,85.15,11.8803
2020-08-31 00:00:00,349.31,85.03,12.1773
2020-09-01 00:00:00,352.6,85.15,12.4653
2020-09-02 00:00:00,357.7,85.25,11.8758
2020-09-03 00:00:00,345.39,84.72,10.8182
2020-09-04 00:00:00,342.57,84.49,10.8092
2020-09-08 00:00:00,333.21,84.02,9.9993
2020-09-09 00:00:00,339.79,84.68,10.402
2020-09-10 00:00:00,333.89,84.28,10.2332
2020-09-11 00:00:00,334.06,84.45,10.0982
2020-09-14 00:00:00,338.46,84.36,10.6742
2020-09-15 00:00:00,340.17,84.59,10.7552
2020-09-16 00:00:00,338.82,84.59,10.8542
2020-09-17 00:00:00,335.84,84.5,10.7372
2020-09-18 00:00:00,330.65,84.29,10.5662
2020-09-21 00:00:00,326.97,83.61,10.0262
2020-09-22 00:00:00,330.3,83.9,10.1432
2020-09-23 00:00:00,322.64,83.05,9.5492
2020-09-24 00:00:00,323.5,83.1,10.0532
2020-09-25 00:00:00,328.73,82.95,10.1072
2020-09-28 00:00:00,334.19,83.49,10.0442
2020-09-29 00:00:00,332.37,83.56,9.9272
2020-09-30 00:00:00,334.89,83.9,9.8732
2020-10-01 00:00:00,337.04,83.83,9.7832
2020-10-02 00:00:00,333.84,83.83,9.7742
2020-10-05 00:00:00,339.76,84.46,10.1522
2020-10-06 00:00:00,334.93,84.27,9.7607
2020-10-07 00:00:00,340.76,84.57,9.8732
2020-10-08 00:00:00,343.78,84.76,10.6742
2020-10-09 00:00:00,346.85,84.95,10.5932
2020-10-12 00:00:00,352.43,85.38,11.3988
2020-10-13 00:00:00,350.13,85,11.1422
2020-10-14 00:00:00,347.93,84.79,10.9802
2020-10-15 00:00:00,347.5,84.73,11.2052
2020-10-16 00:00:00,347.29,84.63,11.1872
2020-10-19 00:00:00,342.01,84.33,11.5473
2020-10-20 00:00:00,343.38,84.63,11.9748
2020-10-21 00:00:00,342.73,84.62,12.8658
2020-10-22 00:00:00,344.61,84.77,13.1628
2020-10-23 00:00:00,345.78,84.87,12.9423
2020-10-26 00:00:00,339.39,84.12,12.9423
2020-10-27 00:00:00,338.22,84.16,14.1033
2020-10-28 00:00:00,326.66,83.46,13.4193
2020-10-29 00:00:00,329.98,83.7,13.7343
2020-10-30 00:00:00,326.54,83.88,13.8423
2020-11-02 00:00:00,330.2,83.72,13.9593
2020-11-03 00:00:00,336.03,84.44,13.8783
2020-11-04 00:00:00,343.54,85.23,14.2833
2020-11-05 00:00:00,350.24,85.53,15.5433
2020-11-06 00:00:00,350.16,85.23,15.7864
2020-11-09 00:00:00,354.56,85.88,15.3813
2020-11-10 00:00:00,354.04,85.76,14.8593
2020-11-11 00:00:00,356.67,85.73,15.7729
2020-11-12 00:00:00,353.21,85.15,16.4164
2020-11-13 00:00:00,358.1,85.44,16.1644
2020-11-16 00:00:00,362.57,85.92,16.9744
2020-11-17 00:00:00,360.62,85.95,18.1444
2020-11-18 00:00:00,356.28,85.79,17.6764
2020-11-19 00:00:00,357.78,86.08,18.0904
2020-11-20 00:00:00,355.33,85.92,19.1164
2020-11-23 00:00:00,357.46,86.05,19.9174
2020-11-24 00:00:00,363.22,86.31,20.1244
2020-11-25 00:00:00,362.66,86.27,18.7789
2020-11-27 00:00:00,363.67,86.41,16.9519
2020-11-30 00:00:00,362.06,86.32,20.8746
2020-12-01 00:00:00,366.02,86.2,21.3665
2020-12-02 00:00:00,366.79,86.44,21.0515
2020-12-03 00:00:00,366.69,86.49,21.6005
2020-12-04 00:00:00,369.85,86.85,20.8985
2020-12-07 00:00:00,369.09,86.81,20.2144
2020-12-08 00:00:00,370.17,86.74,18.8644
2020-12-09 00:00:00,366.85,86.61,18.0634
2020-12-10 00:00:00,366.73,86.77,19.3234
2020-12-11 00:00:00,366.3,86.68,18.5494
2020-12-14 00:00:00,364.66,86.7,20.0434
2020-12-15 00:00:00,369.59,86.97,20.93
2020-12-16 00:00:00,370.17,86.84,23.2295
2020-12-17 00:00:00,372.24,86.61,25.4256
2020-12-18 00:00:00,369.18,86.68,26.5326
2020-12-21 00:00:00,367.86,86.37,27.7476
2020-12-22 00:00:00,367.24,86.48,27.3516
2020-12-23 00:00:00,367.57,86.87,25.9926
2020-12-24 00:00:00,369,87.05,24.6155
2020-12-28 00:00:00,372.17,87.16,27.4056
2020-12-29 00:00:00,371.46,87.05,27.0726
2020-12-30 00:00:00,371.99,87.23,29.6107
2020-12-31 00:00:00,373.88,87.3,28.8006
2021-01-04 00:00:00,368.79,87.12,31.5727
2021-01-05 00:00:00,371.33,87.15,35.4698
2021-01-06 00:00:00,373.55,86.99,39.5379
2021-01-07 00:00:00,379.1,87.24,40.4739
2021-01-08 00:00:00,381.26,87.37,39.9789
2021-01-11 00:00:00,378.69,86.9,33.6607
2021-01-12 00:00:00,378.77,87.01,35.0288
2021-01-13 00:00:00,379.79,87.27,36.3158
2021-01-14 00:00:00,378.46,87.25,39.1779
2021-01-15 00:00:00,375.7,87.11,35.4068
2021-01-19 00:00:00,378.65,87.36,34.2503
2021-01-20 00:00:00,383.89,87.52,31.8157
2021-01-21 00:00:00,384.24,87.47,28.7421
2021-01-22 00:00:00,382.88,87.3,31.0057
2021-01-25 00:00:00,384.39,87.32,29.7457
2021-01-26 00:00:00,383.79,87.19,28.3389
2021-01-27 00:00:00,374.41,86.94,28.2255
2021-01-28 00:00:00,377.63,87.2,30.2812
2021-01-29 00:00:00,370.07,86.97,31.2217
2021-02-01 00:00:00,376.23,86.93,30.5557
2021-02-02 00:00:00,381.55,87.14,33.1207
2021-02-03 00:00:00,381.85,87.21,34.2548
2021-02-04 00:00:00,386.19,87.39,34.1648
2021-02-05 00:00:00,387.71,87.52,34.0928
2021-02-08 00:00:00,390.51,87.78,41.1219
2021-02-09 00:00:00,390.25,87.62,43.111
2021-02-10 00:00:00,390.08,87.6,40.4559
2021-02-11 00:00:00,390.71,87.64,43.201
2021-02-12 00:00:00,392.64,87.78,44.02
2021-02-16 00:00:00,392.3,87.64,45.2769
2021-02-17 00:00:00,392.39,87.61,48.6641
2021-02-18 00:00:00,390.72,87.49,47.6111
2021-02-19 00:00:00,390.03,87.5,51.0311
2021-02-22 00:00:00,387.03,87.23,48.1511
2021-02-23 00:00:00,387.5,87.44,41.2569
2021-02-24 00:00:00,391.77,87.53,43.561
2021-02-25 00:00:00,382.33,86.7,41.0738
2021-02-26 00:00:00,380.36,86.44,38.8809
2021-03-01 00:00:00,389.58,87.1,41.2389
2021-03-02 00:00:00,386.54,86.97,39.7089
2021-03-03 00:00:00,381.42,86.69,41.5449
2021-03-04 00:00:00,376.7,86.36,37.2608
2021-03-05 00:00:00,383.63,86.62,39.4209
2021-03-08 00:00:00,381.72,85.99,40.8609
2021-03-09 00:00:00,387.17,86.11,44.209
2021-03-10 00:00:00,389.58,86.38,45.379
2021-03-11 00:00:00,393.53,86.7,47.071
2021-03-12 00:00:00,394.06,86.46,45.001
2021-03-15 00:00:00,396.41,86.47,46.243
2021-03-16 00:00:00,395.91,86.27,44.875
2021-03-17 00:00:00,397.26,86.39,46.792
2021-03-18 00:00:00,391.48,85.73,45.73
2021-03-19 00:00:00,389.48,86.06,47.6606
2021-03-22 00:00:00,392.59,86.37,44.551
2021-03-23 00:00:00,389.5,86.46,42.0759
2021-03-24 00:00:00,387.52,86.51,40.5009
2021-03-25 00:00:00,389.7,86.66,40.0509
2021-03-26 00:00:00,395.98,86.92,41.7879
2021-03-29 00:00:00,395.78,86.97,44.506
2021-03-30 00:00:00,394.73,86.76,45.739
2021-03-31 00:00:00,396.33,87.18,45.037
2021-04-01 00:00:00,400.61,87.07,45.7795
2021-04-05 00:00:00,406.36,87.11,47.6561
2021-04-06 00:00:00,406.12,87.26,45.559
2021-04-07 00:00:00,406.59,87.23,42.814
2021-04-08 00:00:00,408.52,87.26,44.146
2021-04-09 00:00:00,411.49,87.2,44.686
2021-04-12 00:00:00,411.64,87.11,46.603
2021-04-13 00:00:00,412.86,87.17,49.4381
2021-04-14 00:00:00,411.45,87.13,46.351
2021-04-15 00:00:00,415.87,87.48,47.3411
2021-04-16 00:00:00,417.26,87.3,46.234
2021-04-19 00:00:00,415.21,87.16,43.1559
2021-04-20 00:00:00,412.17,87.01,42.3099
2021-04-21 00:00:00,416.07,87.3,40.8159
2021-04-22 00:00:00,412.27,87.14,37.1888
2021-04-23 00:00:00,416.74,87.37,38.1473
2021-04-26 00:00:00,417.61,87.33,41.3199
2021-04-27 00:00:00,417.52,87.21,41.9184
2021-04-28 00:00:00,417.4,87.38,41.5809
2021-04-29 00:00:00,420.06,87.48,38.7009
2021-04-30 00:00:00,417.3,87.44,42.1659
2021-05-03 00:00:00,418.2,87.18,42.5079
2021-05-04 00:00:00,415.62,87.13,39.9159
2021-05-05 00:00:00,415.75,87.3,41.4549
2021-05-06 00:00:00,419.07,87.27,40.6854
2021-05-07 00:00:00,422.12,87.33,42.1929
2021-05-10 00:00:00,417.94,87.13,39.7989
2021-05-11 00:00:00,414.21,87.04,40.3893
2021-05-12 00:00:00,405.41,86.62,37.7738
2021-05-13 00:00:00,410.28,86.93,33.4645
2021-05-14 00:00:00,416.58,87.21,35.4878
2021-05-17 00:00:00,415.52,87.05,31.9507
2021-05-18 00:00:00,411.94,86.84,30.9427
2021-05-19 00:00:00,410.86,86.61,29.3407
2021-05-20 00:00:00,415.28,86.98,29.7456
2021-05-21 00:00:00,414.94,87.11,27.0906
2021-05-24 00:00:00,419.17,87.21,29.8042
2021-05-25 00:00:00,418.24,87.22,28.3596
2021-05-26 00:00:00,419.07,87.25,28.8456
2021-05-27 00:00:00,419.29,87.21,29.2146
2021-05-28 00:00:00,420.04,87.18,27.1986
2021-06-01 00:00:00,419.67,87.15,26.5866
2021-06-02 00:00:00,420.33,87.26,27.9906
2021-06-03 00:00:00,418.77,87.08,29.0256
2021-06-04 00:00:00,422.6,87.27,27.8106
2021-06-07 00:00:00,422.19,87.3,26.6104
2021-06-08 00:00:00,422.28,87.36,24.7055
2021-06-09 00:00:00,421.65,87.43,27.0906
2021-06-10 00:00:00,423.61,87.59,27.3606
2021-06-11 00:00:00,424.31,87.62,27.7026
2021-06-14 00:00:00,425.26,87.54,29.7727
2021-06-15 00:00:00,424.48,87.53,29.9108
2021-06-16 00:00:00,422.11,87.41,28.8456
2021-06-17 00:00:00,421.97,87.47,28.1346
2021-06-18 00:00:00,414.92,87.43,26.8206
2021-06-21 00:00:00,420.86,87.6,24.9306
2021-06-22 00:00:00,423.11,87.66,25.2096
2021-06-23 00:00:00,422.6,87.57,25.0116
2021-06-24 00:00:00,425.1,87.84,26.6496
2021-06-25 00:00:00,426.61,87.93,24.9126
2021-06-28 00:00:00,427.47,87.92,26.3256
2021-06-29 00:00:00,427.7,88.03,28.0176
2021-06-30 00:00:00,428.06,88.04,26.8296
2021-07-01 00:00:00,430.43,87.92,25.6236
2021-07-02 00:00:00,433.72,88.06,25.7226
2021-07-06 00:00:00,432.93,88.01,25.8486
2021-07-07 00:00:00,434.46,88.04,25.8756
2021-07-08 00:00:00,430.92,87.85,24.6605
2021-07-09 00:00:00,435.52,88,24.8856
2021-07-12 00:00:00,437.08,87.97,24.2105
2021-07-13 00:00:00,435.59,87.71,23.7605
2021-07-14 00:00:00,436.24,87.85,24.1925
2021-07-15 00:00:00,434.75,87.79,22.9685
2021-07-16 00:00:00,431.34,87.67,23.5805
2021-07-19 00:00:00,424.97,87.08,22.7255
2021-07-20 00:00:00,431.06,87.52,21.6185
2021-07-21 00:00:00,434.55,87.73,23.4275
2021-07-22 00:00:00,435.46,87.78,24.3455
2021-07-23 00:00:00,439.94,87.95,24.4715
2021-07-26 00:00:00,441.02,87.82,30.4117
2021-07-27 00:00:00,439.01,87.7,29.7007
2021-07-28 00:00:00,438.83,87.77,31.6627
2021-07-29 00:00:00,440.65,87.96,30.7357
2021-07-30 00:00:00,438.51,87.84,31.2622
2021-08-02 00:00:00,437.59,87.34,30.1957
2021-08-03 00:00:00,441.15,87.44,28.6836
2021-08-04 00:00:00,438.98,87.28,29.8267
2021-08-05 00:00:00,441.76,87.48,30.3487
2021-08-06 00:00:00,442.49,87.38,32.4097
2021-08-09 00:00:00,442.13,87.18,34.6958
2021-08-10 00:00:00,442.68,86.98,34.0208
2021-08-11 00:00:00,443.78,87.12,34.9838
2021-08-12 00:00:00,445.11,87.27,33.1837
2021-08-13 00:00:00,445.92,87.46,34.5338
2021-08-16 00:00:00,446.97,87.49,34.1468
2021-08-17 00:00:00,444.04,87.29,32.9497
2021-08-18 00:00:00,439.18,87.09,31.7977
2021-08-19 00:00:00,439.86,87.08,33.7417
2021-08-20 00:00:00,443.36,87.29,35.6228
2021-08-23 00:00:00,447.26,87.56,35.8748
2021-08-24 00:00:00,447.97,87.68,35.1818
2021-08-25 00:00:00,448.91,87.77,35.2088
2021-08-26 00:00:00,446.26,87.72,34.0388
2021-08-27 00:00:00,450.25,87.96,35.2358
2021-08-30 00:00:00,452.23,88.07,35.0108
2021-08-31 00:00:00,451.56,88.09,33.9938
2021-09-01 00:00:00,451.8,87.89,34.4168
2021-09-02 00:00:00,453.19,88,35.1638
2021-09-03 00:00:00,453.08,88.01,36.6578
2021-09-07 00:00:00,451.46,87.78,34.0298
2021-09-08 00:00:00,450.91,87.88,33.7688
2021-09-09 00:00:00,448.98,87.96,33.7057
2021-09-10 00:00:00,445.44,87.83,33.1207
2021-09-13 00:00:00,446.58,88.05,32.1577
2021-09-14 00:00:00,444.17,88.01,33.1297
2021-09-15 00:00:00,447.88,88.14,34.9253
2021-09-16 00:00:00,447.17,88.11,34.2008
2021-09-17 00:00:00,441.4,88,33.9308
2021-09-20 00:00:00,434.04,87.69,31.1002
2021-09-21 00:00:00,433.63,87.84,29.8627
2021-09-22 00:00:00,437.86,88,31.3927
2021-09-23 00:00:00,443.18,88.04,32.3017
2021-09-24 00:00:00,443.91,87.91,30.8077
2021-09-27 00:00:00,442.64,87.83,30.7627
2021-09-28 00:00:00,433.72,87.43,29.4577
2021-09-29 00:00:00,434.45,87.59,28.9086
2021-09-30 00:00:00,429.14,87.49,30.4657
2021-10-01 00:00:00,434.24,87.41,33.4717
2021-10-04 00:00:00,428.64,87.1,35.2178
2021-10-05 00:00:00,433.1,87.06,36.3968
2021-10-06 00:00:00,434.9,87.01,38.5029
2021-10-07 00:00:00,438.66,87.02,37.3958
2021-10-08 00:00:00,437.86,86.76,38.1068
2021-10-11 00:00:00,434.69,86.49,39.8844
2021-10-12 00:00:00,433.62,86.65,38.2058
2021-10-13 00:00:00,435.18,86.88,40.1859
2021-10-14 00:00:00,442.5,87.37,40.42
2021-10-15 00:00:00,445.87,87.22,42.6699
2021-10-18 00:00:00,447.19,87.18,41.0859
2021-10-19 00:00:00,450.64,87.24,43.939
2021-10-20 00:00:00,452.41,87.27,46.576
2021-10-21 00:00:00,453.59,87.05,44.074
2021-10-22 00:00:00,453.12,86.84,43.876
2021-10-25 00:00:00,455.55,86.99,45.802
2021-10-26 00:00:00,455.96,87.01,44.488
2021-10-27 00:00:00,453.94,86.94,42.0309
2021-10-28 00:00:00,458.32,87.16,43.8175
2021-10-29 00:00:00,459.25,86.93,44.722
2021-11-01 00:00:00,460.04,86.56,44.317
2021-11-02 00:00:00,461.9,86.77,45.415
2021-11-03 00:00:00,464.72,86.94,45.109
2021-11-04 00:00:00,466.91,87.17,43.984
2021-11-05 00:00:00,468.53,87.5,43.714
2021-11-08 00:00:00,468.93,87.39,47.071
2021-11-09 00:00:00,467.38,87.46,48.1421
2021-11-10 00:00:00,463.62,86.97,48.0791
2021-11-11 00:00:00,463.77,86.82,46.972
2021-11-12 00:00:00,467.27,86.85,46.324
2021-11-15 00:00:00,467.43,86.75,46.063
2021-11-16 00:00:00,469.28,86.79,42.3639
2021-11-17 00:00:00,468.14,86.7,43.543
2021-11-18 00:00:00,469.73,86.63,41.8329
2021-11-19 00:00:00,468.89,86.56,42.4269
2021-11-22 00:00:00,467.57,86.23,40.6359
2021-11-23 00:00:00,468.19,86.11,42.1929
2021-11-24 00:00:00,469.44,86.09,41.7789
2021-11-26 00:00:00,458.97,85.47,39.8979
2021-11-29 00:00:00,464.6,86,42.4629
2021-11-30 00:00:00,455.56,85.64,41.5989
2021-12-01 00:00:00,450.5,85.37,40.3839
2021-12-02 00:00:00,457.4,86,40.8519
2021-12-03 00:00:00,453.42,86,37.6658
2021-12-06 00:00:00,458.79,86.38,34.5608
2021-12-07 00:00:00,468.28,86.84,36.0908
2021-12-08 00:00:00,469.52,86.82,36.2978
2021-12-09 00:00:00,466.35,86.43,33.3907
2021-12-10 00:00:00,470.74,86.63,33.5527
2021-12-13 00:00:00,466.57,86.63,31.8697
2021-12-14 00:00:00,463.36,86.48,33.0307
2021-12-15 00:00:00,470.6,86.81,33.8948
2021-12-16 00:00:00,466.45,86.45,32.6797
2021-12-17 00:00:00,459.87,86.37,30.9787
2021-12-20 00:00:00,454.98,86.22,31.0237
2021-12-21 00:00:00,463.06,86.68,32.8777
2021-12-22 00:00:00,467.69,86.91,33.3007
2021-12-23 00:00:00,470.6,87.16,35.2223
2021-12-27 00:00:00,477.26,87.25,35.3618
2021-12-28 00:00:00,476.87,87.21,32.6941
2021-12-29 00:00:00,477.48,87.07,31.8247
2021-12-30 00:00:00,476.16,87.03,31.8517
2021-12-31 00:00:00,474.96,87.01,30.8257
2022-01-03 00:00:00,477.71,86.97,30.8437
2022-01-04 00:00:00,477.55,86.75,31.1947
2022-01-05 00:00:00,468.38,86.08,29.2416
2022-01-06 00:00:00,467.94,86.09,28.7466
2022-01-07 00:00:00,466.09,85.87,27.6621
2022-01-10 00:00:00,465.51,85.94,27.1536
2022-01-11 00:00:00,469.75,86.34,28.0356
2022-01-12 00:00:00,471.02,86.48,28.7556
2022-01-13 00:00:00,464.53,86.17,27.4506
2022-01-14 00:00:00,464.72,86.09,27.4776
2022-01-18 00:00:00,456.49,85.67,25.7136
2022-01-19 00:00:00,451.75,85.59,25.2186
2022-01-20 00:00:00,446.75,85.43,26.1186
2022-01-21 00:00:00,437.98,85.44,23.0315
2022-01-24 00:00:00,439.84,85.35,23.3074
2022-01-25 00:00:00,434.47,85.1,22.8875
2022-01-26 00:00:00,433.38,84.81,22.8965
2022-01-27 00:00:00,431.24,84.44,21.6995
2022-01-28 00:00:00,441.95,84.68,23.162
2022-01-31 00:00:00,449.91,84.7,23.6165
2022-02-01 00:00:00,452.95,84.73,23.6435
2022-02-02 00:00:00,457.35,84.86,22.9955
2022-02-03 00:00:00,446.6,84.1,22.1675
2022-02-04 00:00:00,448.7,83.77,25.1646
2022-02-07 00:00:00,447.26,83.71,27.5136
2022-02-08 00:00:00,450.94,83.62,28.2156
2022-02-09 00:00:00,457.54,84.06,28.8726
2022-02-10 00:00:00,449.32,82.95,27.9006
2022-02-11 00:00:00,440.46,82.66,26.6496
2022-02-14 00:00:00,439.02,82.52,26.5056
2022-02-15 00:00:00,446.1,82.66,28.1616
2022-02-16 00:00:00,446.6,83.12,28.0086
2022-02-17 00:00:00,437.06,82.77,25.5066
2022-02-18 00:00:00,434.23,82.89,24.5705
2022-02-22 00:00:00,429.57,82.7,23.3375
2022-02-23 00:00:00,421.95,82.55,23.0675
2022-02-24 00:00:00,428.3,83.14,23.9315
2022-02-25 00:00:00,437.75,83.61,24.458
2022-02-28 00:00:00,436.63,83.67,26.4516
2022-03-01 00:00:00,429.98,83.13,27.6756
2022-03-02 00:00:00,437.89,83.33,27.1599
2022-03-03 00:00:00,435.71,83.08,25.2996
2022-03-04 00:00:00,432.17,82.54,23.5175
2022-03-07 00:00:00,419.43,81.82,22.2035
2022-03-08 00:00:00,416.25,81.53,22.9505
2022-03-09 00:00:00,427.41,82.21,25.2906
2022-03-10 00:00:00,425.48,81.52,23.9405
2022-03-11 00:00:00,420.07,80.93,22.9595
2022-03-14 00:00:00,417,79.97,22.8605
2022-03-15 00:00:00,426.17,80.57,23.7065
2022-03-16 00:00:00,435.62,81.7,24.7506
2022-03-17 00:00:00,441.07,82.26,24.8856
2022-03-18 00:00:00,444.52,82.53,25.8306
2022-03-21 00:00:00,444.39,81.58,24.9216
2022-03-22 00:00:00,449.59,82,25.8756
2022-03-23 00:00:00,443.8,81.74,25.7496
2022-03-24 00:00:00,450.49,81.91,27.4596
2022-03-25 00:00:00,452.69,81.32,27.1536
2022-03-28 00:00:00,455.91,81.83,29.5297
2022-03-29 00:00:00,461.55,82.84,29.5837
2022-03-30 00:00:00,458.7,82.59,28.8546
2022-03-31 00:00:00,451.64,82.29,27.4866
2022-04-01 00:00:00,452.92,81.95,28.8456
2022-04-04 00:00:00,456.8,82.57,28.8726
2022-04-05 00:00:00,451.03,81.5,28.9176
2022-04-06 00:00:00,446.52,80.86,27.1896
2022-04-07 00:00:00,448.77,80.73,27.3426
2022-04-08 00:00:00,447.57,80.24,26.8386
2022-04-11 00:00:00,439.92,79.69,25.0026
2022-04-12 00:00:00,438.29,80.3,24.6425
2022-04-13 00:00:00,443.31,80.78,26.2716
2022-04-14 00:00:00,437.79,80.24,25.6506
2022-04-18 00:00:00,437.97,80.11,26.5506
2022-04-19 00:00:00,445.04,80.04,27.1626
2022-04-20 00:00:00,444.71,80.29,27.0636
2022-04-21 00:00:00,438.06,79.74,26.4066
2022-04-22 00:00:00,426.04,79.26,25.2366
2022-04-25 00:00:00,428.51,79.93,25.7586
2022-04-26 00:00:00,416.1,79.46,24.2105
2022-04-27 00:00:00,417.27,79.07,24.1745
2022-04-28 00:00:00,427.81,79.51,25.0476
2022-04-29 00:00:00,412,78.53,23.7425
2022-05-02 00:00:00,414.48,78.23,23.5535
2022-05-03 00:00:00,416.38,78.64,23.1305
2022-05-04 00:00:00,429.06,79.44,24.9846
2022-05-05 00:00:00,413.81,78.03,22.5185
2022-05-06 00:00:00,411.34,77.59,22.5185
2022-05-09 00:00:00,398.17,76.77,18.814
2022-05-10 00:00:00,399.09,77.21,19.1074
2022-05-11 00:00:00,392.75,76.75,17.1814
2022-05-12 00:00:00,392.34,76.72,16.4794
2022-05-13 00:00:00,401.72,76.81,17.7304
2022-05-16 00:00:00,400.09,76.7,16.8754
2022-05-17 00:00:00,408.32,76.63,17.3794
2022-05-18 00:00:00,391.86,76,16.6954
2022-05-19 00:00:00,389.46,76.51,17.5774
2022-05-20 00:00:00,389.63,76.46,16.8664
2022-05-23 00:00:00,396.92,76.76,16.5964
2022-05-24 00:00:00,393.89,77.22,16.7584
2022-05-25 00:00:00,397.37,78.39,17.1634
2022-05-26 00:00:00,405.31,79.48,17.1364
2022-05-27 00:00:00,415.26,80.19,17.0644
2022-05-31 00:00:00,412.93,79.5,18.4864
2022-06-01 00:00:00,409.59,78.9,17.5234
2022-06-02 00:00:00,417.39,79.23,17.9554
2022-06-03 00:00:00,410.54,78.64,17.3344
2022-06-06 00:00:00,411.79,78.05,18.1264
2022-06-07 00:00:00,415.74,78.23,18.1984
2022-06-08 00:00:00,411.22,77.56,17.5774
2022-06-09 00:00:00,401.44,76.94,17.4694
2022-06-10 00:00:00,389.8,75.63,16.8124
2022-06-13 00:00:00,375,73.1,13.4854
2022-06-14 00:00:00,373.87,73.58,12.9243
2022-06-15 00:00:00,379.2,75.01,12.6543
2022-06-16 00:00:00,366.65,73.82,11.4618
2022-06-17 00:00:00,365.86,74.05,11.2232
2022-06-21 00:00:00,375.07,74,12.1593
2022-06-22 00:00:00,374.39,73.98,11.6643
2022-06-23 00:00:00,378.06,74.51,12.3213
2022-06-24 00:00:00,390.08,75.04,12.4653
2022-06-27 00:00:00,388.59,74.58,12.1593
2022-06-28 00:00:00,380.65,73.76,11.9253
2022-06-29 00:00:00,380.34,73.65,11.9883
2022-06-30 00:00:00,377.25,73.61,10.8542
2022-07-01 00:00:00,381.24,73.98,11.0252
2022-07-05 00:00:00,381.96,73.91,11.6373
2022-07-06 00:00:00,383.25,73.63,11.3223
2022-07-07 00:00:00,388.99,74.83,12.3753
2022-07-08 00:00:00,388.67,74.89,12.3933
2022-07-11 00:00:00,384.23,74.47,11.5653
2022-07-12 00:00:00,380.83,74.77,10.9892
2022-07-13 00:00:00,378.83,74.69,11.1692
2022-07-14 00:00:00,377.91,74.55,11.8173
2022-07-15 00:00:00,385.13,75.5,12.3303
2022-07-18 00:00:00,381.95,74.77,12.6723
2022-07-19 00:00:00,392.27,75.76,13.8423
2022-07-20 00:00:00,394.77,76.09,14.0223
2022-07-21 00:00:00,398.79,76.99,13.5363
2022-07-22 00:00:00,395.09,76.89,13.0323
2022-07-25 00:00:00,395.57,76.87,12.3843
2022-07-26 00:00:00,390.89,76.33,11.7003
2022-07-27 00:00:00,401.04,77.17,12.8073
2022-07-28 00:00:00,406.07,77.96,13.3473
2022-07-29 00:00:00,411.99,78.19,13.3203
2022-08-01 00:00:00,410.77,77.91,12.7893
2022-08-02 00:00:00,408.06,77.55,12.7623
2022-08-03 00:00:00,414.45,78.23,13.0683
2022-08-04 00:00:00,414.17,78.44,12.5913
2022-08-05 00:00:00,413.47,78.04,12.8073
2022-08-08 00:00:00,412.99,78.11,13.6263
2022-08-09 00:00:00,411.35,77.53,12.9153
2022-08-10 00:00:00,419.99,78.69,13.4643
2022-08-11 00:00:00,419.99,78.24,13.6623
2022-08-12 00:00:00,427.1,78.94,13.6983
2022-08-15 00:00:00,428.86,78.8,13.5543
2022-08-16 00:00:00,429.7,78.43,13.4463
2022-08-17 00:00:00,426.65,77.62,12.9333
2022-08-18 00:00:00,427.89,77.74,13.0323
2022-08-19 00:00:00,422.14,76.95,11.9163
2022-08-22 00:00:00,413.35,76.08,11.6463
2022-08-23 00:00:00,412.35,76.27,12.1773
2022-08-24 00:00:00,413.67,76.36,12.2313
2022-08-25 00:00:00,419.51,77.08,12.0603
2022-08-26 00:00:00,405.31,75.81,11.4006
2022-08-29 00:00:00,402.63,75.52,11.3313
2022-08-30 00:00:00,398.21,74.94,11.1062
2022-08-31 00:00:00,395.18,74.53,11.2863
2022-09-01 00:00:00,396.42,74.36,11.0522
2022-09-02 00:00:00,392.24,74.31,11.1422
2022-09-06 00:00:00,390.76,74.11,10.5482
2022-09-07 00:00:00,397.78,75.18,10.9622
2022-09-08 00:00:00,400.38,75.51,10.8992
2022-09-09 00:00:00,406.6,75.81,12.1053
2022-09-12 00:00:00,410.97,76.04,12.7353
2022-09-13 00:00:00,393.1,74.31,11.3853
2022-09-14 00:00:00,394.6,74.42,11.1242
2022-09-15 00:00:00,390.12,73.95,10.8902
2022-09-16 00:00:00,385.56,74.2,10.7822
2022-09-19 00:00:00,388.55,74.48,10.8812
2022-09-20 00:00:00,384.09,73.72,10.4942
2022-09-21 00:00:00,377.39,73.5,10.4942
2022-09-22 00:00:00,374.22,73.06,10.5662
2022-09-23 00:00:00,367.95,72.13,10.0757
2022-09-26 00:00:00,364.31,71.28,10.2512
2022-09-27 00:00:00,363.38,71.13,10.2242
2022-09-28 00:00:00,370.53,72.4,10.5122
2022-09-29 00:00:00,362.79,71.72,10.1972
2022-09-30 00:00:00,357.18,71.39,10.2692
2022-10-03 00:00:00,366.61,71.97,10.4942
2022-10-04 00:00:00,377.97,73.52,10.8902
2022-10-05 00:00:00,377.09,73.23,10.7912
2022-10-06 00:00:00,373.2,73.01,10.7552
2022-10-07 00:00:00,362.79,72.12,10.2152
2022-10-10 00:00:00,360.02,71.24,10.1972
2022-10-11 00:00:00,357.74,71.46,10.0442
2022-10-12 00:00:00,356.56,71.58,10.0892
2022-10-13 00:00:00,365.97,71.74,10.1252
2022-10-14 00:00:00,357.63,71.51,10.0442
2022-10-17 00:00:00,366.82,72.39,10.3142
2022-10-18 00:00:00,371.13,72.9,10.1792
2022-10-19 00:00:00,368.5,72.2,10.1252
2022-10-20 00:00:00,365.41,71.8,10.1432
2022-10-21 00:00:00,374.29,72.49,10.2782
2022-10-24 00:00:00,378.87,72.54,10.3952
2022-10-25 00:00:00,384.92,73.24,10.9982
2022-10-26 00:00:00,382.02,73.44,11.2683
2022-10-27 00:00:00,379.98,73.98,10.9352
2022-10-28 00:00:00,389.02,74.55,10.8542
2022-10-31 00:00:00,386.21,73.43,10.8002
2022-11-01 00:00:00,384.52,73.59,10.8272
2022-11-02 00:00:00,374.87,72.92,10.6112
2022-11-03 00:00:00,371.01,72.4,10.6382
2022-11-04 00:00:00,376.35,72.9,11.0284
2022-11-07 00:00:00,379.95,72.89,10.8542
2022-11-08 00:00:00,382,72.82,9.5078
2022-11-09 00:00:00,374.13,71.95,7.8887
2022-11-10 00:00:00,394.69,74.19,8.6852
2022-11-11 00:00:00,398.51,74.45,7.9832
2022-11-14 00:00:00,395.12,73.9,8.0597
2022-11-15 00:00:00,398.49,74.55,8.7122
2022-11-16 00:00:00,395.45,74.39,8.2802
2022-11-17 00:00:00,394.24,74.07,7.8752
2022-11-18 00:00:00,396.03,74.23,7.5152
2022-11-21 00:00:00,394.59,74.2,7.4522
2022-11-22 00:00:00,399.9,74.74,7.5998
2022-11-23 00:00:00,402.42,75.16,8.3072
2022-11-25 00:00:00,402.33,75.01,8.1272
2022-11-28 00:00:00,395.91,74.22,7.9562
2022-11-29 00:00:00,395.23,74.54,7.8212
2022-11-30 00:00:00,407.68,75.66,8.1452
2022-12-01 00:00:00,407.38,75.62,8.0012
2022-12-02 00:00:00,406.91,75.56,8.0822
2022-12-05 00:00:00,399.59,74.84,7.9382
2022-12-06 00:00:00,393.83,74.57,7.8842
2022-12-07 00:00:00,393.16,74.98,7.2992
2022-12-08 00:00:00,396.24,75.04,7.3712
2022-12-09 00:00:00,393.28,75.04,7.2272
2022-12-12 00:00:00,398.95,75.33,7.2902
2022-12-13 00:00:00,401.97,76.11,7.4612
2022-12-14 00:00:00,399.4,75.68,7.5602
2022-12-15 00:00:00,389.63,75,7.4702
2022-12-16 00:00:00,383.27,74.6,7.1372
2022-12-19 00:00:00,380.02,74.22,7.3172
2022-12-20 00:00:00,380.54,74.03,7.2722
2022-12-21 00:00:00,386.23,74.66,7.2452
2022-12-22 00:00:00,380.72,74.2,7.3352
2022-12-23 00:00:00,382.91,74.39,7.4972
2022-12-27 00:00:00,381.4,73.62,7.0742
2022-12-28 00:00:00,376.66,72.63,7.0202
2022-12-29 00:00:00,383.44,73.57,7.1822
2022-12-30 00:00:00,382.43,73.63,7.4612
2023-01-03 00:00:00,380.82,73.77,7.3802
2023-01-04 00:00:00,383.76,74.62,7.5422
2023-01-05 00:00:00,379.38,74.47,7.6052
2023-01-06 00:00:00,388.08,75.53,7.7852
2023-01-09 00:00:00,387.86,75.8,8.6852
2023-01-10 00:00:00,390.58,75.71,8.8922
2023-01-11 00:00:00,395.52,76.21,8.8202
2023-01-12 00:00:00,396.96,76.64,9.4412
2023-01-13 00:00:00,398.5,76.64,10.1882
2023-01-17 00:00:00,397.77,76.38,10.5482
2023-01-18 00:00:00,391.49,76.47,9.7472
2023-01-19 00:00:00,388.64,76.02,10.3142
2023-01-20 00:00:00,395.88,76.17,10.9622
2023-01-23 00:00:00,400.63,76.16,11.0522
2023-01-24 00:00:00,400.2,76.21,10.7732
2023-01-25 00:00:00,400.35,76.2,10.8992
2023-01-26 00:00:00,404.75,76.39,11.0162
2023-01-27 00:00:00,405.68,76.16,11.1242
2023-01-30 00:00:00,400.59,75.74,10.7012
2023-01-31 00:00:00,406.48,76.33,10.9352
2023-02-01 00:00:00,410.8,76.76,11.3853
2023-02-02 00:00:00,416.78,77.2,11.6373
2023-02-03 00:00:00,412.35,76.39,11.0882
2023-02-06 00:00:00,409.83,75.9,10.7372
2023-02-07 00:00:00,415.19,76.17,10.9352
2023-02-08 00:00:00,410.65,75.85,10.5752
2023-02-09 00:00:00,407.09,75.36,9.5672
2023-02-10 00:00:00,408.04,74.78,9.6032
2023-02-13 00:00:00,412.83,74.97,9.3512
2023-02-14 00:00:00,412.64,74.99,9.7652
2023-02-15 00:00:00,413.98,74.87,10.9532
2023-02-16 00:00:00,408.28,74.27,10.7012
2023-02-17 00:00:00,407.26,74.56,10.9802
2023-02-21 00:00:00,399.09,73.41,10.6922
2023-02-22 00:00:00,398.54,73.89,10.4222
2023-02-23 00:00:00,400.66,74.62,10.7012
2023-02-24 00:00:00,396.38,74.17,10.3142
2023-02-27 00:00:00,397.73,74.67,10.3412
2023-02-28 00:00:00,396.26,74.53,10.3862
2023-03-01 00:00:00,394.74,73.87,10.3592
2023-03-02 00:00:00,397.81,73.96,10.3592
2023-03-03 00:00:00,404.19,74.72,10.1252
2023-03-06 00:00:00,404.47,74.72,10.5932
2023-03-07 00:00:00,398.27,74.19,11.6103
2023-03-08 00:00:00,398.92,73.84,11.9163
2023-03-09 00:00:00,391.56,73.43,10.6202
2023-03-10 00:00:00,385.91,73.44,10.1072
2023-03-13 00:00:00,385.36,73.04,11.3853
2023-03-14 00:00:00,391.73,73.57,12.1413
2023-03-15 00:00:00,389.28,73.33,11.9433
2023-03-16 00:00:00,396.11,73.81,12.6453
2023-03-17 00:00:00,389.99,73.37,13.8873
2023-03-20 00:00:00,393.74,73.17,14.4003
2023-03-21 00:00:00,398.91,73.97,14.4003
2023-03-22 00:00:00,392.11,74.04,13.5723
2023-03-23 00:00:00,393.17,73.75,14.4903
2023-03-24 00:00:00,395.75,73.6,14.4003
2023-03-27 00:00:00,396.49,73.42,13.7073
2023-03-28 00:00:00,395.6,73.38,14.0493
2023-03-29 00:00:00,401.35,74.3,14.2563
2023-03-30 00:00:00,403.7,74.74,14.2383
2023-03-31 00:00:00,409.39,75.55,14.7243
2023-04-03 00:00:00,410.95,75.15,14.4453
2023-04-04 00:00:00,408.67,74.93,14.3643
2023-04-05 00:00:00,407.6,74.51,14.5713
2023-04-06 00:00:00,409.19,74.84,14.5893
2023-04-10 00:00:00,409.61,74.77,15.4263
2023-04-11 00:00:00,409.72,74.93,15.9484
2023-04-12 00:00:00,408.05,74.91,15.3633
2023-04-13 00:00:00,413.47,75.42,15.9304
2023-04-14 00:00:00,412.46,75.28,15.6873
2023-04-17 00:00:00,413.94,75.08,15.1293
2023-04-18 00:00:00,414.21,75.13,15.4263
2023-04-19 00:00:00,414.14,74.83,14.7063
2023-04-20 00:00:00,411.88,74.76,14.2383
2023-04-21 00:00:00,412.2,74.99,13.6803
2023-04-24 00:00:00,412.63,75.2,13.4913
2023-04-25 00:00:00,406.08,75.08,13.4643
2023-04-26 00:00:00,404.36,74.79,13.5903
2023-04-27 00:00:00,412.41,75.04,14.7963
2023-04-28 00:00:00,415.93,75.36,14.7783
2023-05-01 00:00:00,415.51,74.69,13.7253
2023-05-02 00:00:00,410.84,74.62,14.5893
2023-05-03 00:00:00,408.02,74.58,14.7153
2023-05-04 00:00:00,405.13,74.36,14.8953
2023-05-05 00:00:00,412.63,74.76,15.1293
2023-05-08 00:00:00,412.74,74.55,13.9593
2023-05-09 00:00:00,410.93,74.36,14.0943
2023-05-10 00:00:00,412.85,74.81,13.8513
2023-05-11 00:00:00,412.13,74.69,13.1943
2023-05-12 00:00:00,411.59,74.42,12.8343
2023-05-15 00:00:00,413.01,74.4,13.5003
2023-05-16 00:00:00,410.25,73.88,13.1673
2023-05-17 00:00:00,415.23,74.08,13.5183
2023-05-18 00:00:00,419.23,74.12,12.9783
2023-05-19 00:00:00,418.62,74.2,12.9513
2023-05-22 00:00:00,418.79,74.53,12.7713
2023-05-23 00:00:00,414.09,74.14,12.8973
2023-05-24 00:00:00,411.09,73.62,12.3258
2023-05-25 00:00:00,414.65,73.57,12.3843
2023-05-26 00:00:00,420.02,74.02,12.4473
2023-05-30 00:00:00,420.18,74.34,12.9153
2023-05-31 00:00:00,417.85,74.11,12.5013
2023-06-01 00:00:00,421.82,74.2,12.6453
2023-06-02 00:00:00,427.92,74.58,12.9423
2023-06-05 00:00:00,427.1,74.52,12.3127
2023-06-06 00:00:00,428.03,74.64,13.0233
2023-06-07 00:00:00,426.55,74.23,12.4473
2023-06-08 00:00:00,429.13,74.7,12.4653
2023-06-09 00:00:00,429.9,74.72,12.1863
2023-06-12 00:00:00,433.8,74.64,11.8083
2023-06-13 00:00:00,436.66,74.73,11.7993
2023-06-14 00:00:00,437.18,74.76,11.9343
2023-06-15 00:00:00,442.6,75.12,12.0603
2023-06-16 00:00:00,439.46,74.93,13.6083
2023-06-20 00:00:00,437.18,74.73,15.1653
2023-06-21 00:00:00,434.94,74.54,15.9484
2023-06-22 00:00:00,436.51,74.32,16.2004
2023-06-23 00:00:00,433.21,74.19,17.2714
2023-06-26 00:00:00,431.44,74.23,16.3624
2023-06-27 00:00:00,436.17,74.48,17.5234
2023-06-28 00:00:00,436.39,74.91,16.7494
2023-06-29 00:00:00,438.11,74.71,17.5954
2023-06-30 00:00:00,443.28,75.07,17.2714
2023-07-03 00:00:00,443.79,74.55,18.4054
2023-07-05 00:00:00,443.13,74.32,18.1264
2023-07-06 00:00:00,439.66,73.78,18.0724
2023-07-07 00:00:00,438.55,73.85,17.8294
2023-07-10 00:00:00,439.66,74.22,17.9914
2023-07-11 00:00:00,442.46,74.62,17.9374
2023-07-12 00:00:00,446.02,75.2,17.7304
2023-07-13 00:00:00,449.56,75.65,19.2424
2023-07-14 00:00:00,449.28,75.1,17.7754
2023-07-17 00:00:00,450.84,75.24,17.9284
2023-07-18 00:00:00,454.19,75.45,17.7394
2023-07-19 00:00:00,455.2,75.51,18.0724
2023-07-20 00:00:00,452.18,75.18,17.6314
2023-07-21 00:00:00,452.18,75.37,17.8879
2023-07-24 00:00:00,454.2,75.24,17.2804
2023-07-25 00:00:00,455.44,75.19,17.2534
2023-07-26 00:00:00,455.51,75.49,17.3344
2023-07-27 00:00:00,452.49,74.89,16.5514
2023-07-28 00:00:00,456.92,75.32,16.8529
2023-07-31 00:00:00,457.79,75.5,17.2174
2023-08-01 00:00:00,456.48,74.77,17.1364
2023-08-02 00:00:00,450.13,74.45,17.2444
2023-08-03 00:00:00,448.84,74.21,17.3704
2023-08-04 00:00:00,446.81,74.65,17.2984
2023-08-07 00:00:00,450.71,74.79,17.2444
2023-08-08 00:00:00,448.75,74.95,18.0814
2023-08-09 00:00:00,445.75,74.96,17.7034
2023-08-10 00:00:00,445.91,74.94,17.8204
2023-08-11 00:00:00,445.65,74.83,17.8384
2023-08-14 00:00:00,448.11,74.82,18.1084
2023-08-15 00:00:00,442.89,74.58,17.6944
2023-08-16 00:00:00,439.64,74.35,17.5144
2023-08-17 00:00:00,436.29,74.04,16.6803
2023-08-18 00:00:00,436.5,74.09,15.6603
2023-08-21 00:00:00,439.34,74.07,15.4893
2023-08-22 00:00:00,438.15,74.11,15.3003
2023-08-23 00:00:00,443.03,74.71,16.3714
2023-08-24 00:00:00,436.89,74.3,15.9124
2023-08-25 00:00:00,439.97,74.61,15.6153
2023-08-28 00:00:00,442.76,74.89,15.8224
2023-08-29 00:00:00,449.16,75.36,18.5044
2023-08-30 00:00:00,451.01,75.33,17.7394
2023-08-31 00:00:00,450.35,75.28,16.8394
2023-09-01 00:00:00,451.19,75.07,16.6324
2023-09-05 00:00:00,449.24,74.58,16.6954
2023-09-06 00:00:00,446.22,74.4,16.7404
2023-09-07 00:00:00,444.85,74.65,17.3704
2023-09-08 00:00:00,445.52,74.62,17.3704
2023-09-11 00:00:00,448.45,74.75,16.7854
2023-09-12 00:00:00,445.99,74.63,17.3344
2023-09-13 00:00:00,446.51,74.83,17.2894
2023-09-14 00:00:00,450.36,74.92,17.5144
2023-09-15 00:00:00,443.37,74.64,17.3344
2023-09-18 00:00:00,443.63,74.69,17.3074
2023-09-19 00:00:00,442.71,74.46,17.8564
2023-09-20 00:00:00,438.64,74.4,17.4784
2023-09-21 00:00:00,431.39,73.87,17.1004
2023-09-22 00:00:00,430.42,74,17.0104
2023-09-25 00:00:00,432.23,73.9,16.6054
2023-09-26 00:00:00,425.88,73.58,16.3534
2023-09-27 00:00:00,426.05,73.48,16.3174
2023-09-28 00:00:00,428.52,73.83,17.1004
2023-09-29 00:00:00,427.48,73.72,17.2714
2023-10-02 00:00:00,427.31,72.89,17.5054
2023-10-03 00:00:00,421.59,72.15,17.6764
2023-10-04 00:00:00,424.66,72.52,18.1264
2023-10-05 00:00:00,424.5,72.59,18.1354
2023-10-06 00:00:00,429.54,72.69,18.6574
2023-10-09 00:00:00,432.29,73.23,18.4504
2023-10-10 00:00:00,434.54,73.21,18.5224
2023-10-11 00:00:00,436.32,73.2,18.0634
2023-10-12 00:00:00,433.66,72.81,18.0184
2023-10-13 00:00:00,431.5,72.75,18.2164
2023-10-16 00:00:00,436.04,72.73,19.6204
2023-10-17 00:00:00,436.02,72.39,19.9444
2023-10-18 00:00:00,430.21,72.04,19.9867
2023-10-19 00:00:00,426.43,71.78,20.2054
2023-10-20 00:00:00,421.19,71.93,21.2765
2023-10-23 00:00:00,420.46,72.22,22.235
2023-10-24 00:00:00,423.63,72.59,23.5445
2023-10-25 00:00:00,417.55,72.2,24.1115
2023-10-26 00:00:00,412.55,72.45,23.1935
2023-10-27 00:00:00,410.68,72.36,22.5635
2023-10-30 00:00:00,415.59,72.38,23.8325
2023-10-31 00:00:00,418.2,72.57,24.0845
2023-11-01 00:00:00,422.66,72.87,24.2015
2023-11-02 00:00:00,430.76,73.69,24.4513
2023-11-03 00:00:00,434.69,74.41,24.3455
2023-11-06 00:00:00,435.69,74.11,24.2555
2023-11-07 00:00:00,436.93,74.12,25.2906
2023-11-08 00:00:00,437.25,74.16,25.0206
2023-11-09 00:00:00,433.84,73.7,26.1816
2023-11-10 00:00:00,440.61,74.06,26.9763
2023-11-13 00:00:00,440.19,73.99,26.1546
2023-11-14 00:00:00,448.73,74.74,24.6785
2023-11-15 00:00:00,449.68,74.5,26.7846
2023-11-16 00:00:00,450.23,74.6,26.0871
2023-11-17 00:00:00,450.79,74.77,26.0916
2023-11-20 00:00:00,454.26,74.85,26.8116
2023-11-21 00:00:00,453.27,74.95,26.2806
2023-11-22 00:00:00,455.02,75.08,27.4056
2023-11-24 00:00:00,455.3,75,28.0896
2023-11-27 00:00:00,454.48,75.11,27.0951
2023-11-28 00:00:00,454.93,75.44,28.3596
2023-11-29 00:00:00,454.61,75.85,27.9168
2023-11-30 00:00:00,456.4,75.71,27.2211
2023-12-01 00:00:00,459.1,75.99,28.5576
2023-12-04 00:00:00,456.69,75.8,30.2731
2023-12-05 00:00:00,456.6,75.87,31.5907
2023-12-06 00:00:00,454.76,75.88,31.4287
2023-12-07 00:00:00,458.23,76.01,30.5152
2023-12-08 00:00:00,460.2,75.86,31.9597
2023-12-11 00:00:00,461.99,75.81,29.2146
2023-12-12 00:00:00,464.1,75.98,30.0787
2023-12-13 00:00:00,470.5,77.14,32.0317
2023-12-14 00:00:00,472.01,77.1,31.4107
2023-12-15 00:00:00,469.33,76.93,30.6907
2023-12-18 00:00:00,471.97,76.98,31.0867
2023-12-19 00:00:00,474.84,77.2,31.4413
2023-12-20 00:00:00,468.26,77.21,32.2477
2023-12-21 00:00:00,472.7,77.56,32.6662
2023-12-22 00:00:00,473.65,77.47,33.2197
2023-12-26 00:00:00,475.65,77.62,32.0857
2023-12-27 00:00:00,476.51,77.94,32.6257
2023-12-28 00:00:00,476.69,77.69,31.3297
2023-12-29 00:00:00,475.31,77.39,31.1587
2024-01-02 00:00:00,472.65,77.13,33.1657
2024-01-03 00:00:00,468.79,76.92,31.9957
2024-01-04 00:00:00,467.28,76.62,33.5257
2024-01-05 00:00:00,467.92,76.68,33.4479
2024-01-08 00:00:00,474.6,77.11,35.1008
2024-01-09 00:00:00,473.88,77.23,35.1008
2024-01-10 00:00:00,476.56,77.37,36.4472
2024-01-11 00:00:00,476.35,77.62,36.6218
2024-01-12 00:00:00,476.68,77.7,34.7228
2024-01-16 00:00:00,474.93,77.21,34.4888
2024-01-17 00:00:00,472.29,76.88,34.1468
2024-01-18 00:00:00,476.49,77.04,32.6617
2024-01-19 00:00:00,482.43,77.17,33.3097
2024-01-22 00:00:00,483.45,77.23,32.2387
2024-01-23 00:00:00,484.86,77.14,31.3927
2024-01-24 00:00:00,485.39,77.1,31.7437
2024-01-25 00:00:00,488.03,77.69,31.8967
2024-01-26 00:00:00,487.41,77.63,33.7598
2024-01-29 00:00:00,491.27,77.8,34.6598
2024-01-30 00:00:00,490.89,77.7,34.9838
2024-01-31 00:00:00,482.88,77.48,34.1918
2024-02-01 00:00:00,489.2,77.54,34.5698
2024-02-02 00:00:00,494.35,77.19,34.5068
2024-02-05 00:00:00,492.55,76.83,34.0568
2024-02-06 00:00:00,493.98,77.11,34.6238
2024-02-07 00:00:00,498.1,77.24,35.4878
2024-02-08 00:00:00,498.32,77.2,36.6128
2024-02-09 00:00:00,501.2,77.36,38.2328
2024-02-12 00:00:00,500.98,77.19,40.3749
2024-02-13 00:00:00,494.08,76.57,39.6999
2024-02-14 00:00:00,498.57,76.87,41.5719
2024-02-15 00:00:00,502.01,77.14,41.5629
2024-02-16 00:00:00,499.51,76.91,41.6529
2024-02-20 00:00:00,496.76,77.07,41.7699
2024-02-21 00:00:00,497.21,76.93,40.9329
2024-02-22 00:00:00,507.5,77.3,41.7969
2024-02-23 00:00:00,507.85,77.35,41.0319
2024-02-26 00:00:00,505.99,77.1,43.768
2024-02-27 00:00:00,506.93,77.2,45.766
2024-02-28 00:00:00,506.26,77.19,48.4481
2024-02-29 00:00:00,508.08,77.33,49.8161
2024-03-01 00:00:00,512.85,77.18,50.6531
2024-03-04 00:00:00,512.3,77.16,54.3432
2024-03-05 00:00:00,507.18,77.1,49.7081
2024-03-06 00:00:00,509.75,77.29,53.8212
2024-03-07 00:00:00,514.81,77.38,54.4062
2024-03-08 00:00:00,511.72,77.4,55.7112
2024-03-11 00:00:00,511.28,77.39,57.8893
2024-03-12 00:00:00,516.78,77.46,57.3043
2024-03-13 00:00:00,515.97,77.49,59.0233
2024-03-14 00:00:00,514.95,77.12,55.6212
2024-03-15 00:00:00,509.83,77.07,55.4412
2024-03-18 00:00:00,512.86,77.25,53.6232
2024-03-19 00:00:00,515.71,77.56,51.6701
2024-03-20 00:00:00,520.48,77.82,52.8762
2024-03-21 00:00:00,522.2,77.78,52.3002
2024-03-22 00:00:00,521.21,77.7,51.2831
2024-03-25 00:00:00,519.77,77.58,57.0073
2024-03-26 00:00:00,518.81,77.49,55.7382
2024-03-27 00:00:00,523.17,77.9,55.0722
2024-03-28 00:00:00,523.07,77.73,56.8543
2024-04-01 00:00:00,522.16,77.02,55.9632
2024-04-02 00:00:00,518.84,76.89,52.8312
2024-04-03 00:00:00,519.41,76.95,52.7772
2024-04-04 00:00:00,513.07,76.89,54.9372
2024-04-05 00:00:00,518.43,76.82,53.9922
2024-04-08 00:00:00,518.72,77,57.5653
2024-04-09 00:00:00,519.32,77.16,55.3062
2024-04-10 00:00:00,514.12,76.48,56.2242
2024-04-11 00:00:00,518,76.41,56.5123
2024-04-12 00:00:00,510.85,76.37,53.5962
2024-04-15 00:00:00,504.45,75.93,50.7431
2024-04-16 00:00:00,503.53,75.68,50.2931
2024-04-17 00:00:00,500.55,75.78,48.8801
2024-04-18 00:00:00,499.52,75.84,50.9231
2024-04-19 00:00:00,495.16,75.98,51.5801
2024-04-22 00:00:00,499.72,76.4,53.3352
2024-04-23 00:00:00,505.65,76.71,53.2902
2024-04-24 00:00:00,505.41,76.54,51.2111
2024-04-25 00:00:00,503.49,76.38,51.8412
2024-04-26 00:00:00,508.26,76.62,51.0671
2024-04-29 00:00:00,510.06,76.85,50.4551
2024-04-30 00:00:00,501.98,76.29,47.2601
2024-05-01 00:00:00,500.35,76.29,45.577
2024-05-02 00:00:00,505.03,76.76,47.5751
2024-05-03 00:00:00,511.29,77.08,49.7891
2024-05-06 00:00:00,516.57,77.17,50.6171
2024-05-07 00:00:00,517.14,77.18,50.5001
2024-05-08 00:00:00,517.19,77,49.7711
2024-05-09 00:00:00,520.17,77.02,50.0141
2024-05-10 00:00:00,520.84,76.9,48.5921
2024-05-13 00:00:00,520.91,76.88,50.5721
2024-05-14 00:00:00,523.3,77,49.3031
2024-05-15 00:00:00,529.78,77.45,52.9392
2024-05-16 00:00:00,528.69,77.27,52.2192
2024-05-17 00:00:00,529.45,77.28,53.7582
2024-05-20 00:00:00,530.06,77.32,56.1612
2024-05-21 00:00:00,531.36,77.26,55.4412
2024-05-22 00:00:00,529.83,77.09,55.7562
2024-05-23 00:00:00,525.96,76.82,53.7312
2024-05-24 00:00:00,529.44,77.09,55.3782
2024-05-28 00:00:00,529.81,76.78,54.7032
2024-05-29 00:00:00,526.1,76.55,53.7402
2024-05-30 00:00:00,522.61,76.86,54.9372
2024-05-31 00:00:00,527.37,77.13,54.0822
2024-06-03 00:00:00,527.8,77.01,55.3602
2024-06-04 00:00:00,528.39,76.97,56.3593
2024-06-05 00:00:00,534.67,77.22,57.0163
2024-06-06 00:00:00,534.66,77.09,56.3683
2024-06-07 00:00:00,534.01,76.89,55.3332
2024-06-10 00:00:00,535.66,76.96,55.5582
2024-06-11 00:00:00,536.95,77.06,53.8932
2024-06-12 00:00:00,541.36,77.37,53.9562
2024-06-13 00:00:00,542.45,77.36,53.2272
2024-06-14 00:00:00,542.78,77.06,52.3632
2024-06-17 00:00:00,547.1,77.11,53.2902
2024-06-18 00:00:00,548.49,77.35,51.4631
2024-06-20 00:00:00,547,77.3,51.9582
2024-06-21 00:00:00,544.51,77.39,51.3371
2024-06-24 00:00:00,542.74,77.31,47.3501
2024-06-25 00:00:00,544.83,77.41,49.5191
2024-06-26 00:00:00,545.51,77.24,48.7181
2024-06-27 00:00:00,546.37,77.33,49.0691
2024-06-28 00:00:00,544.22,77.14,47.9171
2024-07-01 00:00:00,545.34,76.72,50.4821
2024-07-02 00:00:00,549.01,76.93,49.4021
2024-07-03 00:00:00,551.46,77.2,48.2951
2024-07-05 00:00:00,554.64,77.43,45.136
2024-07-08 00:00:00,555.28,77.41,45.082
2024-07-09 00:00:00,555.82,77.32,46.216
2024-07-10 00:00:00,561.32,77.5,45.829
2024-07-11 00:00:00,556.48,77.78,45.811
2024-07-12 00:00:00,559.99,77.98,46.027
2024-07-15 00:00:00,561.53,77.99,50.6621
2024-07-16 00:00:00,564.86,78.29,52.0662
2024-07-17 00:00:00,556.94,78.2,51.5981
2024-07-18 00:00:00,552.66,78.04,50.7611
2024-07-19 00:00:00,548.99,77.98,53.7132
2024-07-22 00:00:00,554.65,78.27,54.5052
2024-07-23 00:00:00,553.78,78.28,52.2912
2024-07-24 00:00:00,541.23,78.03,52.4082
2024-07-25 00:00:00,538.41,78.04,51.6251
2024-07-26 00:00:00,544.44,78.29,54.2982
2024-07-29 00:00:00,544.76,78.22,53.7132
2024-07-30 00:00:00,542,78.26,52.6
2024-07-31 00:00:00,550.81,78.54,52.07
2024-08-01 00:00:00,543.01,77.96,50.53
2024-08-02 00:00:00,532.9,77.7,49.87
2024-08-05 00:00:00,517.38,77.22,42.62
2024-08-06 00:00:00,522.15,77.51,45.32
2024-08-07 00:00:00,518.66,77.66,43.67
2024-08-08 00:00:00,530.65,77.98,47.43
2024-08-09 00:00:00,532.99,77.97,48.41
2024-08-12 00:00:00,533.27,78.02,47.1
2024-08-13 00:00:00,542.04,78.38,48.5
2024-08-14 00:00:00,543.75,78.52,46.99
2024-08-15 00:00:00,553.07,78.59,45.5
2024-08-16 00:00:00,554.31,78.84,47.63
2024-08-19 00:00:00,559.61,78.97,47.02
2024-08-20 00:00:00,558.7,78.9,47.49
2024-08-21 00:00:00,560.62,79.08,49.12
2024-08-22 00:00:00,556.22,78.98,48.06
2024-08-23 00:00:00,562.13,79.4,50.79
2024-08-26 00:00:00,560.79,79.24,50.5
2024-08-27 00:00:00,561.56,79.29,49.51
2024-08-28 00:00:00,558.3,79.25,46.94
2024-08-29 00:00:00,558.35,79.33,47.21
2024-08-30 00:00:00,563.68,79.34,46.75
2024-09-03 00:00:00,552.08,78.68,46.2
2024-09-04 00:00:00,550.95,78.97,46.25
2024-09-05 00:00:00,549.61,79.24,44.66
2024-09-06 00:00:00,540.36,79.14,42.6
2024-09-09 00:00:00,546.41,79.33,45.51
2024-09-10 00:00:00,548.79,79.18,46.19
2024-09-11 00:00:00,554.42,79.3,45.9
2024-09-12 00:00:00,559.09,79.41,46.53
2024-09-13 00:00:00,562.01,79.63,47.64
2024-09-16 00:00:00,562.84,79.83,46.14
2024-09-17 00:00:00,563.07,79.85,47.77
2024-09-18 00:00:00,561.4,79.92,47.79
2024-09-19 00:00:00,570.98,80.16,50.38
2024-09-20 00:00:00,568.25,80.26,50.03
2024-09-23 00:00:00,569.67,80.11,50.41
2024-09-24 00:00:00,571.3,80.12,51.23
2024-09-25 00:00:00,570.04,80.03,50.3
2024-09-26 00:00:00,572.3,80.16,51.54
2024-09-27 00:00:00,571.47,80.36,52.31
2024-09-30 00:00:00,573.76,80.3,50.5
2024-10-01 00:00:00,568.62,79.87,49.12
2024-10-02 00:00:00,568.86,79.88,47.92
2024-10-03 00:00:00,567.82,79.69,48.58
2024-10-04 00:00:00,572.98,79.6,49.68
2024-10-07 00:00:00,567.8,79.26,50.44
2024-10-08 00:00:00,573.17,79.45,49.52
2024-10-09 00:00:00,577.14,79.4,48.52
2024-10-10 00:00:00,576.13,79.36,47.49
2024-10-11 00:00:00,579.58,79.57,50.27
2024-10-14 00:00:00,584.32,79.61,52.48
2024-10-15 00:00:00,579.78,79.59,53.3
2024-10-16 00:00:00,582.3,79.73,53.88
2024-10-17 00:00:00,582.35,79.61,53.16
2024-10-18 00:00:00,584.59,79.8,54.6
2024-10-21 00:00:00,583.63,79.48,53.89
2024-10-22 00:00:00,583.32,79.37,53.64
2024-10-23 00:00:00,577.99,79.13,52.83
2024-10-24 00:00:00,579.24,79.36,54.32
2024-10-25 00:00:00,579.04,79.28,53.09
2024-10-28 00:00:00,580.83,79.48,55.38
2024-10-29 00:00:00,581.77,79.5,57.67
2024-10-30 00:00:00,580.01,79.36,57.08
2024-10-31 00:00:00,568.64,79.14,55.61
2024-11-01 00:00:00,571.04,78.75,55.01
2024-11-04 00:00:00,569.81,78.97,53.49
2024-11-05 00:00:00,576.7,79.19,55.17
2024-11-06 00:00:00,591.04,79.33,60.6
2024-11-07 00:00:00,595.61,79.67,60.88
2024-11-08 00:00:00,598.19,79.8,61.05
2024-11-11 00:00:00,598.76,79.71,69.22
2024-11-12 00:00:00,596.9,79.39,71.23
2024-11-13 00:00:00,597.19,79.41,71.31
2024-11-14 00:00:00,593.35,79.24,69.5
2024-11-15 00:00:00,585.75,79.23,72.81
2024-11-18 00:00:00,588.15,79.38,72.77
2024-11-19 00:00:00,590.3,79.5,73.58
2024-11-20 00:00:00,590.5,79.48,74.99
2024-11-21 00:00:00,593.67,79.51,78.05
2024-11-22 00:00:00,595.51,79.49,78.87
2024-11-25 00:00:00,597.53,79.79,75.42
2024-11-26 00:00:00,600.65,79.64,72.17
2024-11-27 00:00:00,598.83,79.88,76.82
2024-11-29 00:00:00,602.55,80.04,77.09
2024-12-02 00:00:00,603.63,79.65,76.03
2024-12-03 00:00:00,603.91,79.65,75.95
2024-12-04 00:00:00,607.66,79.84,78.69
2024-12-05 00:00:00,606.66,79.77,78.69
2024-12-06 00:00:00,607.81,79.9,80.7
2024-12-09 00:00:00,604.68,79.8,76.33
2024-12-10 00:00:00,602.8,79.84,76.56
2024-12-11 00:00:00,607.46,79.86,80.51
2024-12-12 00:00:00,604.33,79.64,79.41
2024-12-13 00:00:00,604.21,79.41,80.77
2024-12-16 00:00:00,606.79,79.56,84.02
2024-12-17 00:00:00,604.29,79.39,84.71
2024-12-18 00:00:00,586.28,78.17,79.81
2024-12-19 00:00:00,586.1,78.09,76.32
2024-12-20 00:00:00,591.15,78.58,76.47
2024-12-23 00:00:00,594.69,78.37,73.71
2024-12-24 00:00:00,601.3,78.62,78.45
2024-12-26 00:00:00,601.34,78.82,75.76
2024-12-27 00:00:00,595.01,78.55,74.88
2024-12-30 00:00:00,588.22,78.66,74.65
2024-12-31 00:00:00,586.08,78.65,74.02
2025-01-02 00:00:00,584.64,78.84,77.21
2025-01-03 00:00:00,591.95,78.96,78.02
2025-01-06 00:00:00,595.36,79.1,81.04
2025-01-07 00:00:00,588.63,78.84,76.45
2025-01-08 00:00:00,589.49,78.94,74.48
2025-01-10 00:00:00,580.49,78.53,75.08
2025-01-13 00:00:00,581.39,78.51,74.16
2025-01-14 00:00:00,582.19,78.61,76.47
2025-01-15 00:00:00,592.78,79.3,78.97
2025-01-16 00:00:00,591.64,79.39,79.56
2025-01-17 00:00:00,597.58,79.46,83.05
2025-01-21 00:00:00,603.05,79.67,84.12
2025-01-22 00:00:00,606.44,79.56,82.7
2025-01-23 00:00:00,609.75,79.66,81.9
2025-01-24 00:00:00,607.97,79.75,83.17
2025-01-27 00:00:00,599.37,79.81,80.25
2025-01-28 00:00:00,604.52,79.78,80.17
2025-01-29 00:00:00,601.81,79.73,82.58
2025-01-30 00:00:00,605.04,79.88,83.18
2025-01-31 00:00:00,601.82,79.72,80.41
2025-02-03 00:00:00,597.77,79.26,80.17
2025-02-04 00:00:00,601.78,79.51,78.19
2025-02-05 00:00:00,604.22,79.72,77.08
2025-02-06 00:00:00,606.32,79.6,76.78
2025-02-07 00:00:00,600.77,79.35,75.85
2025-02-10 00:00:00,604.85,79.51,77.09
2025-02-11 00:00:00,605.31,79.48,75.4
2025-02-12 00:00:00,603.36,79.31,76.8
2025-02-13 00:00:00,609.73,79.67,76.22
2025-02-14 00:00:00,609.7,79.76,77.01
2025-02-18 00:00:00,611.49,79.69,74.48
2025-02-19 00:00:00,612.93,79.75,76.08
2025-02-20 00:00:00,610.38,79.8,78.01
2025-02-21 00:00:00,599.94,79.65,75.06
2025-02-24 00:00:00,597.21,79.75,74.34
2025-02-25 00:00:00,594.24,79.95,69.62
2025-02-26 00:00:00,594.54,80.06,66.71
2025-02-27 00:00:00,585.05,79.91,65.95
2025-02-28 00:00:00,594.18,80.13,66.61
2025-03-03 00:00:00,583.77,79.59,68.03
2025-03-04 00:00:00,576.86,79.58,68.74
2025-03-05 00:00:00,583.06,79.62,71.56
2025-03-06 00:00:00,572.71,79.32,70.44
2025-03-07 00:00:00,575.92,79.45,68.79
2025-03-10 00:00:00,560.58,79.15,62.43
2025-03-11 00:00:00,555.92,78.87,65.7
2025-03-12 00:00:00,558.87,78.96,65.57
2025-03-13 00:00:00,551.42,78.52,63.38
2025-03-14 00:00:00,562.81,78.88,66.95
2025-03-17 00:00:00,567.15,79.07,66.81
2025-03-18 00:00:00,561.02,78.93,65.08
2025-03-19 00:00:00,567.13,79.45,67.59
2025-03-20 00:00:00,565.49,79.34,66.5
2025-03-21 00:00:00,563.98,79.22,66.32
2025-03-24 00:00:00,574.08,79.45,69.77
2025-03-25 00:00:00,575.46,79.41,69.72
2025-03-26 00:00:00,568.59,79.09,68.41
2025-03-27 00:00:00,567.08,78.94,68.8
2025-03-28 00:00:00,555.66,78.8,66.18
2025-03-31 00:00:00,559.39,78.89,65.17
2025-04-01 00:00:00,560.97,78.69,67.16
2025-04-02 00:00:00,564.52,78.85,68.7
2025-04-03 00:00:00,536.7,77.87,64.76
2025-04-04 00:00:00,505.28,76.76,66.32
2025-04-07 00:00:00,504.38,76.1,61.59
2025-04-08 00:00:00,496.48,75.75,60.61
2025-04-09 00:00:00,548.62,77.78,65.04
2025-04-10 00:00:00,524.58,76.51,62.82
2025-04-11 00:00:00,533.94,76.74,66.27
2025-04-14 00:00:00,539.12,77.12,67.12
2025-04-15 00:00:00,537.61,77.33,66.38
2025-04-16 00:00:00,525.66,77.32,66.62
2025-04-17 00:00:00,526.41,77.77,67.09
2025-04-21 00:00:00,513.88,77.31,69.06
2025-04-22 00:00:00,527.25,77.61,72.29
2025-04-23 00:00:00,535.42,78,73.84
2025-04-24 00:00:00,546.69,78.7,73.92
2025-04-25 00:00:00,550.64,78.77,75.34
2025-04-28 00:00:00,550.85,78.81,74.81
2025-04-29 00:00:00,554.32,79.02,75.25
2025-04-30 00:00:00,554.54,78.6,74.27
2025-05-01 00:00:00,558.47,78.3,76.22
2025-05-02 00:00:00,566.76,78.54,76.55
2025-05-05 00:00:00,563.51,78.51,74.42
2025-05-06 00:00:00,558.8,78.45,74.93
2025-05-07 00:00:00,561.15,78.52,75.9
2025-05-08 00:00:00,565.06,78.5,79.98
2025-05-09 00:00:00,564.34,78.55,81.47
2025-05-12 00:00:00,582.99,79.33,80.33
2025-05-13 00:00:00,586.84,79.47,82.73
2025-05-14 00:00:00,587.59,79.18,81.52
2025-05-15 00:00:00,590.46,79.33,81.38
2025-05-16 00:00:00,594.2,79.42,82.13
2025-05-19 00:00:00,594.85,79.38,83.24
2025-05-20 00:00:00,592.85,79.34,84.49
2025-05-21 00:00:00,582.86,78.81,85.73
2025-05-22 00:00:00,583.09,78.97,87.72
2025-05-23 00:00:00,579.11,78.95,85.76
2025-05-27 00:00:00,591.15,79.43,86.67
2025-05-28 00:00:00,587.73,79.38,84.31
2025-05-29 00:00:00,590.05,79.5,83.26
2025-05-30 00:00:00,589.39,79.57,82.47
2025-06-02 00:00:00,592.71,79.18,82.35
2025-06-03 00:00:00,596.09,79.33,83.8
2025-06-04 00:00:00,595.93,79.48,82.72
2025-06-05 00:00:00,593.05,79.31,80.25
2025-06-06 00:00:00,599.14,79.3,82.23
2025-06-09 00:00:00,599.68,79.34,85.67
2025-06-10 00:00:00,603.08,79.53,86.35
2025-06-11 00:00:00,601.36,79.51,85.77
2025-06-12 00:00:00,603.75,79.6,84.19
2025-06-13 00:00:00,597,79.36,82.83
2025-06-16 00:00:00,602.68,79.52,85.65
2025-06-17 00:00:00,597.53,79.43,82.5
2025-06-18 00:00:00,597.44,79.55,81.76
2025-06-20 00:00:00,594.28,79.8,81.33
2025-06-23 00:00:00,600.15,79.95,81.3
2025-06-24 00:00:00,606.78,80.17,83.24
2025-06-25 00:00:00,607.12,80.15,84.89
2025-06-26 00:00:00,611.87,80.38,84.75
2025-06-27 00:00:00,614.91,80.34,84.16
2025-06-30 00:00:00,617.85,80.65,84.83
2025-07-01 00:00:00,617.65,80.17,82.96
2025-07-02 00:00:00,620.45,80.32,86.43
2025-07-03 00:00:00,625.34,80.37,86.07
2025-07-07 00:00:00,620.68,80.1,85.04
2025-07-08 00:00:00,620.34,79.99,85.64
2025-07-09 00:00:00,624.06,80.21,88.08
2025-07-10 00:00:00,625.82,80.13,89.3
2025-07-11 00:00:00,623.62,80.03,93.04
2025-07-14 00:00:00,624.81,80.09,94.38
2025-07-15 00:00:00,622.14,79.85,91.63
2025-07-16 00:00:00,624.22,80.06,93.9
2025-07-17 00:00:00,628.04,80.14,93.66
2025-07-18 00:00:00,627.58,80.25,92.36
2025-07-21 00:00:00,628.77,80.36,91.84
2025-07-22 00:00:00,628.86,80.5,93.9
2025-07-23 00:00:00,634.21,80.54,93.16
2025-07-24 00:00:00,634.42,80.44,93.68
2025-07-25 00:00:00,637.1,80.49,91.87
2025-07-28 00:00:00,636.94,80.45,92.88
2025-07-29 00:00:00,635.26,80.5,92.38
2025-07-30 00:00:00,634.46,80.33,91.88
2025-07-31 00:00:00,632.08,80.38,91.78
2025-08-01 00:00:00,621.72,79.98,88.89
2025-08-04 00:00:00,631.17,80.25,90.23
2025-08-05 00:00:00,627.97,80.21,89.38
2025-08-06 00:00:00,632.78,80.29,90.68
2025-08-07 00:00:00,632.25,80.21,92.44
2025-08-08 00:00:00,637.18,80.22,91.58
2025-08-11 00:00:00,635.92,80.22,93.59
2025-08-12 00:00:00,642.69,80.4,94.06
2025-08-13 00:00:00,644.89,80.61,96.6
2025-08-14 00:00:00,644.95,80.4,92.75
2025-08-15 00:00:00,643.44,80.46,91.9
2025-08-18 00:00:00,643.3,80.4,91.39
2025-08-19 00:00:00,639.81,80.38,88.83
2025-08-20 00:00:00,638.11,80.35,89.79
2025-08-21 00:00:00,635.55,80.2,88.1
2025-08-22 00:00:00,645.31,80.85,91.73
2025-08-25 00:00:00,642.47,80.69,87.02
2025-08-26 00:00:00,645.16,80.87,87.31
2025-08-27 00:00:00,646.63,80.97,88.07
2025-08-28 00:00:00,648.92,81.01,87.95
2025-08-29 00:00:00,645.05,80.86,84.99
2025-09-02 00:00:00,640.27,80.39,87.02
2025-09-03 00:00:00,643.74,80.61,88.16
2025-09-04 00:00:00,649.12,80.83,86.23
2025-09-05 00:00:00,647.24,80.87,87.66
2025-09-08 00:00:00,648.83,80.87,88.04
2025-09-09 00:00:00,650.33,80.78,87.42
2025-09-10 00:00:00,652.21,80.84,89.22
2025-09-11 00:00:00,657.63,81.04,89.92
2025-09-12 00:00:00,657.41,80.96,91.75
2025-09-15 00:00:00,660.91,81.19,90.49
2025-09-16 00:00:00,660,81.13,91.73
2025-09-17 00:00:00,659.18,81.05,90.79
2025-09-18 00:00:00,662.26,81.23,92.24
2025-09-19 00:00:00,663.7,81.26,90.34
2025-09-22 00:00:00,666.84,81.32,87.98
2025-09-23 00:00:00,663.21,81.26,87.58
2025-09-24 00:00:00,661.1,81.15,89.01
2025-09-25 00:00:00,658.05,80.92,85.76
2025-09-26 00:00:00,661.82,81.08,85.65
2025-09-29 00:00:00,663.68,81.22,89.73
2025-09-30 00:00:00,666.18,81.19,89.77
2025-10-01 00:00:00,668.45,80.96,92.2
2025-10-02 00:00:00,669.22,80.93,94.93
2025-10-03 00:00:00,669.21,80.84,96.36
2025-10-06 00:00:00,671.61,80.86,98.43
2025-10-07 00:00:00,669.12,80.77,95.37
2025-10-08 00:00:00,673.11,80.65,96.78
2025-10-09 00:00:00,671.16,80.42,94.9
2025-10-10 00:00:00,653.02,79.95,91.42
2025-10-13 00:00:00,663.04,80.45,90.86
2025-10-14 00:00:00,662.23,80.54,88.29
2025-10-15 00:00:00,665.17,80.8,87.23
2025-10-16 00:00:00,660.64,80.51,84.8
2025-10-17 00:00:00,664.39,80.72,83.46
2025-10-20 00:00:00,671.3,80.88,86.89
2025-10-21 00:00:00,671.29,80.76,87.64
2025-10-22 00:00:00,667.8,80.68,84.5
2025-10-23 00:00:00,671.76,80.86,86.42
2025-10-24 00:00:00,677.25,81.08,86.69
2025-10-27 00:00:00,685.24,81.28,90.09
2025-10-28 00:00:00,687.06,81.2,89.02
2025-10-29 00:00:00,687.39,80.95,86.66
2025-10-30 00:00:00,679.83,80.8,83.34
2025-10-31 00:00:00,682.06,80.8,86.02
2025-11-03 00:00:00,683.34,80.14,83.5
2025-11-04 00:00:00,675.24,80.15,78.87
2025-11-05 00:00:00,677.58,80.23,81.35
2025-11-06 00:00:00,670.31,80.26,78.98
2025-11-07 00:00:00,670.97,80.33,81.3
2025-11-10 00:00:00,681.44,80.6,83.05
2025-11-11 00:00:00,683,80.69,80.47
2025-11-12 00:00:00,683.38,80.53,79.49
2025-11-13 00:00:00,672.04,80.2,76.68
2025-11-14 00:00:00,671.93,80.22,73.78
2025-11-17 00:00:00,665.67,80.09,71.84
2025-11-18 00:00:00,660.08,80.11,72.64
2025-11-19 00:00:00,662.63,80.15,69.99
2025-11-20 00:00:00,652.53,80.1,67.56
2025-11-21 00:00:00,659.03,80.37,66.16
2025-11-24 00:00:00,668.73,80.59,69.73
2025-11-25 00:00:00,675.02,80.87,68.36
2025-11-26 00:00:00,679.68,80.95,70.38
2025-11-28 00:00:00,683.39,80.99,71.01
2025-12-01 00:00:00,680.27,80.47,66.92
2025-12-02 00:00:00,681.53,80.62,71.25
2025-12-03 00:00:00,683.89,80.69,72.73
2025-12-04 00:00:00,684.39,80.75,72.38
2025-12-05 00:00:00,685.69,80.75,69.9
2025-12-08 00:00:00,683.63,80.55,70.99
2025-12-09 00:00:00,683.04,80.46,72.82
2025-12-10 00:00:00,687.57,80.73,72.35
2025-12-11 00:00:00,689.17,80.72,71.79
2025-12-12 00:00:00,681.76,80.57,70.58
2025-12-15 00:00:00,680.73,80.61,67.05
2025-12-16 00:00:00,678.87,80.66,68.49
2025-12-17 00:00:00,671.4,80.56,67.1
2025-12-18 00:00:00,676.47,80.78,66.11
2025-12-19 00:00:00,680.59,80.36,68.84
2025-12-22 00:00:00,684.83,80.43,69.03
2025-12-23 00:00:00,687.96,80.49,68.5
2025-12-24 00:00:00,690.38,80.64,68.2
2025-12-26 00:00:00,690.31,80.6,68.4
2025-12-29 00:00:00,687.85,80.63,68.05
2025-12-30 00:00:00,687.01,80.71,68.61
2025-12-31 00:00:00,681.92,80.63,68.36
2026-01-02 00:00:00,683.17,80.67,70.14
2026-01-05 00:00:00,687.72,80.88,73.61
2026-01-06 00:00:00,691.81,80.9,72.2
2026-01-07 00:00:00,689.58,80.88,71
2026-01-08 00:00:00,689.51,80.94,70.96
2026-01-09 00:00:00,694.07,81,70.48
2026-01-12 00:00:00,695.16,81.04,71.41
2026-01-13 00:00:00,693.77,81.04,73.78
2026-01-14 00:00:00,690.36,81.04,76.31
2026-01-15 00:00:00,692.24,81.04,74.33
2026-01-16 00:00:00,691.66,81.09,74.58
2026-01-20 00:00:00,677.58,80.88,69.89
2026-01-21 00:00:00,685.4,81.12,70.34
2026-01-22 00:00:00,688.98,81.18,69.75
2026-01-23 00:00:00,689.23,81.14,69.82
2026-01-26 00:00:00,692.73,81.18,68.31
2026-01-27 00:00:00,695.49,81.17,69.69
2026-01-28 00:00:00,695.42,81.04,69.46
2026-01-29 00:00:00,694.04,81.03,65.53
2026-01-30 00:00:00,691.97,81.12,65.37
2026-02-02 00:00:00,695.41,80.77,60.82
2026-02-03 00:00:00,689.53,80.72,59.61
2026-02-04 00:00:00,686.19,80.62,57.22
2026-02-05 00:00:00,677.62,80.53,49.66
2026-02-06 00:00:00,690.62,80.81,54.63
2026-02-09 00:00:00,693.95,80.92,55.19
2026-02-10 00:00:00,692.12,80.84,53.63
2026-02-11 00:00:00,691.96,80.83,52.67
2026-02-12 00:00:00,681.27,80.79,50.95
2026-02-13 00:00:00,681.75,80.85,53.63
2026-02-17 00:00:00,682.85,80.81,52.81
2026-02-18 00:00:00,686.29,80.91,51.64
2026-02-19 00:00:00,684.48,80.94,52.32
2026-02-20 00:00:00,689.43,81,52.81
2026-02-23 00:00:00,682.39,80.87,50.23
2026-02-24 00:00:00,687.35,80.81,50.27
2026-02-25 00:00:00,693.15,80.92,53.94
2026-02-26 00:00:00,689.3,80.85,52.58
2026-02-27 00:00:00,685.99,80.72,51.13
2026-03-02 00:00:00,686.38,80.28,53.89
2026-03-03 00:00:00,680.33,80.12,53.18
2026-03-04 00:00:00,685.13,80.4,56.99
2026-03-05 00:00:00,681.31,80.08,55.53
2026-03-06 00:00:00,672.38,79.69,53.06
2026-03-09 00:00:00,678.27,80.17,53.79
2026-03-10 00:00:00,677.18,80.04,54.6
2026-03-11 00:00:00,676.33,79.86,55.05
2026-03-12 00:00:00,666.06,79.35,54.89
2026-03-13 00:00:00,662.29,79.2,55.47
2026-03-16 00:00:00,669.03,79.45,57.64
2026-03-17 00:00:00,670.79,79.81,58.08
2026-03-18 00:00:00,661.43,79.4,55.34
2026-03-19 00:00:00,659.8,79.66,54.71
2026-03-20 00:00:00,648.57,78.92,54.65
2026-03-23 00:00:00,655.38,79.44,55.02
2026-03-24 00:00:00,653.18,79.17,53.97
2026-03-25 00:00:00,656.82,79.42,55.18
2026-03-26 00:00:00,645.09,78.92,53.34
2026-03-27 00:00:00,634.09,78.72,51.37
2026-03-30 00:00:00,631.97,78.81,51.74
2026-03-31 00:00:00,650.34,79.56,52.76
2026-04-01 00:00:00,655.24,79.37,53.05
2026-04-02 00:00:00,655.83,79.56,52.15
2026-04-06 00:00:00,658.93,79.7,54.26
2026-04-07 00:00:00,659.22,79.72,53.7
2026-04-08 00:00:00,676.01,80.19,55.52
2026-04-09 00:00:00,679.91,80.28,56.11
2026-04-10 00:00:00,679.46,79.96,57.04
2026-04-13 00:00:00,686.1,80.26,57.09
2026-04-14 00:00:00,694.46,80.5,57.81
2026-04-15 00:00:00,699.94,80.46,58.37
2026-04-16 00:00:00,701.66,80.35,58.64
2026-04-17 00:00:00,710.14,80.65,60.29
2026-04-20 00:00:00,708.72,80.58,59.37
2026-04-21 00:00:00,704.08,80.37,58.35
2026-04-22 00:00:00,711.21,80.5,61.37
2026-04-23 00:00:00,708.45,80.37,60.48
2026-04-24 00:00:00,713.94,80.48,60.37
2026-04-27 00:00:00,715.17,80.51,59.77
2026-04-28 00:00:00,711.69,80.4,59.34
2026-04-29 00:00:00,711.58,80.13,58.68
2026-04-30 00:00:00,718.66,80.38,59.4
2026-05-01 00:00:00,720.65,80.06,60.97
2026-05-04 00:00:00,718.01,79.8,62.23
2026-05-05 00:00:00,723.77,79.92,63.46
2026-05-06 00:00:00,733.83,80.16,63.3
2026-05-07 00:00:00,731.58,79.86,62.28
2026-05-08 00:00:00,737.62,80.14,62.31
2026-05-11 00:00:00,739.3,79.98,63.67
2026-05-12 00:00:00,738.18,79.87,62.79
2026-05-13 00:00:00,742.31,79.91,61.84
2026-05-14 00:00:00,748.17,79.85,63.27
2026-05-15 00:00:00,739.17,79.46,61.44
2026-05-18 00:00:00,738.65,79.54,59.66
2026-05-19 00:00:00,733.73,79.35,59.6
2026-05-20 00:00:00,741.25,79.86,60.29
2026-05-21 00:00:00,742.72,79.9,60.27
2026-05-22 00:00:00,745.64,79.91,58.85
2026-05-26 00:00:00,750.59,80.18,58.94
2026-05-27 00:00:00,750.46,80.13,58.15
2026-05-28 00:00:00,754.6,80.23,56.94
2026-05-29 00:00:00,756.48,80.31,57.02
2026-06-01 00:00:00,758.54,79.84,55.48
2026-06-02 00:00:00,759.57,79.9,52.16
2026-06-03 00:00:00,754.24,79.68,50.73
2026-06-04 00:00:00,757.09,79.83,49.34
2026-06-05 00:00:00,737.55,79.43,46.8
2026-06-08 00:00:00,739.22,79.54,49.17
2026-06-09 00:00:00,737.05,79.62,48.14
