date,SPY,HYG,GBTC
2015-01-02 00:00:00,205.459,89.45,0.303
2015-01-05 00:00:00,201.716,89.32,0.2603
2015-01-06 00:00:00,199.923,88.92,0.2673
2015-01-07 00:00:00,202.309,89.08,0.2792
2015-01-08 00:00:00,205.931,89.51,0.2792
2015-01-09 00:00:00,204.2,89.68,0.2751
2015-01-12 00:00:00,202.547,89.63,0.2588
2015-01-13 00:00:00,202.045,89.64,0.2334
2015-01-14 00:00:00,200.876,89.44,0.1903
2015-01-15 00:00:00,199.023,89.49,0.1938
2015-01-16 00:00:00,201.693,89.34,0.2016
2015-01-20 00:00:00,202.012,89.41,0.2032
2015-01-21 00:00:00,202.99,89.41,0.2061
2015-01-22 00:00:00,206.089,89.61,0.2221
2015-01-23 00:00:00,204.956,89.73,0.2208
2015-01-26 00:00:00,205.483,89.83,0.2693
2015-01-27 00:00:00,202.736,89.85,0.2524
2015-01-28 00:00:00,200.019,90.06,0.2397
2015-01-29 00:00:00,201.938,90.06,0.2226
2015-01-30 00:00:00,199.319,90.11,0.2236
2015-02-02 00:00:00,201.904,89.75,0.2186
2015-02-03 00:00:00,204.821,90.03,0.2283
2015-02-04 00:00:00,204.032,90.2,0.2171
2015-02-05 00:00:00,206.168,90.43,0.2127
2015-02-06 00:00:00,205.52,90.67,0.2117
2015-02-09 00:00:00,204.665,90.7,0.2115
2015-02-10 00:00:00,206.854,90.75,0.2103
2015-02-11 00:00:00,206.923,90.68,0.2129
2015-02-12 00:00:00,208.963,90.71,0.2113
2015-02-13 00:00:00,209.828,90.83,0.2239
2015-02-17 00:00:00,210.194,90.98,0.2296
2015-02-18 00:00:00,210.135,91.04,0.2296
2015-02-19 00:00:00,209.947,91.07,0.2285
2015-02-20 00:00:00,211.254,91.13,0.2341
2015-02-23 00:00:00,211.192,91.13,0.227
2015-02-24 00:00:00,211.779,91.28,0.2294
2015-02-25 00:00:00,211.652,91.45,0.2285
2015-02-26 00:00:00,211.375,91.65,0.2272
2015-02-27 00:00:00,210.753,91.66,0.2416
2015-03-02 00:00:00,212.052,91.36,0.2528
2015-03-03 00:00:00,211.094,91.25,0.265
2015-03-04 00:00:00,210.213,91.01,0.2698
2015-03-05 00:00:00,210.472,91.03,0.259
2015-03-06 00:00:00,207.526,90.81,0.2636
2015-03-09 00:00:00,208.362,90.62,0.2717
2015-03-10 00:00:00,204.854,90.29,
2015-03-11 00:00:00,204.494,90.29,
2015-03-12 00:00:00,207.111,90.36,0.2834
2015-03-13 00:00:00,205.861,90.09,0.2795
2015-03-16 00:00:00,208.638,89.94,0.2791
2015-03-17 00:00:00,207.948,89.72,0.2782
2015-03-18 00:00:00,210.468,89.64,0.2641
2015-03-19 00:00:00,209.45,90.04,0.2464
2015-03-20 00:00:00,210.397,90.07,0.2506
2015-03-23 00:00:00,210.029,90.2,0.2564
2015-03-24 00:00:00,208.758,90.32,0.2429
2015-03-25 00:00:00,205.725,90.42,0.2344
2015-03-26 00:00:00,205.242,90.35,0.2397
2015-03-27 00:00:00,205.765,90.35,0.2379
2015-03-30 00:00:00,208.3,90.48,0.2346
2015-03-31 00:00:00,206.49,90.53,0.2358
2015-04-01 00:00:00,205.697,90.14,0.2339
2015-04-02 00:00:00,206.426,90.18,0.2389
2015-04-03 00:00:00,,,0.2433
2015-04-06 00:00:00,207.789,90.42,0.2476
2015-04-07 00:00:00,207.365,90.66,0.2447
2015-04-08 00:00:00,208,90.86,0.2374
2015-04-09 00:00:00,208.926,90.87,0.233
2015-04-10 00:00:00,210.009,90.91,0.2273
2015-04-13 00:00:00,209.067,91.02,0.2197
2015-04-14 00:00:00,209.409,90.96,0.2124
2015-04-15 00:00:00,210.486,91.12,0.2117
2015-04-16 00:00:00,210.328,91.12,0.2166
2015-04-17 00:00:00,207.95,91.08,0.2151
2015-04-20 00:00:00,209.872,91.15,0.2148
2015-04-21 00:00:00,209.565,91.19,0.2155
2015-04-22 00:00:00,210.637,91.19,0.2246
2015-04-23 00:00:00,211.153,91.18,0.2248
2015-04-24 00:00:00,211.626,91.19,0.2228
2015-04-27 00:00:00,210.751,91.26,0.2117
2015-04-28 00:00:00,211.353,91.17,0.2163
2015-04-29 00:00:00,210.578,91.08,0.2154
2015-04-30 00:00:00,208.458,91.03,0.2221
2015-05-01 00:00:00,210.73,90.61,0.2264
2015-05-04 00:00:00,211.348,90.69,0.2295
2015-05-05 00:00:00,208.871,90.68,0.2251
2015-05-06 00:00:00,208.02,90.5,0.225
2015-05-07 00:00:00,208.854,90.38,0.2222
2015-05-08 00:00:00,211.661,90.57,0.2313
2015-05-11 00:00:00,210.628,90.68,0.2309
2015-05-12 00:00:00,210.019,90.3,0.2314
2015-05-13 00:00:00,210.002,90.45,0.2325
2015-05-14 00:00:00,212.283,90.52,0.2268
2015-05-15 00:00:00,212.468,90.59,0.2266
2015-05-18 00:00:00,213.125,90.64,0.2259
2015-05-19 00:00:00,213.031,90.55,0.2229
2015-05-20 00:00:00,212.856,90.49,0.2232
2015-05-21 00:00:00,213.381,90.55,0.2249
2015-05-22 00:00:00,212.906,90.56,0.2267
2015-05-26 00:00:00,210.727,90.61,0.2268
2015-05-27 00:00:00,212.684,90.66,0.2272
2015-05-28 00:00:00,212.452,90.68,0.2266
2015-05-29 00:00:00,211.118,90.68,0.2261
2015-06-01 00:00:00,211.572,90.3,0.2165
2015-06-02 00:00:00,211.37,90.21,0.2133
2015-06-03 00:00:00,211.856,90.04,0.2152
2015-06-04 00:00:00,210.04,89.84,0.2152
2015-06-05 00:00:00,209.748,89.53,0.2143
2015-06-08 00:00:00,208.43,89.47,0.2156
2015-06-09 00:00:00,208.522,89.22,0.2195
2015-06-10 00:00:00,211.036,89.21,0.2188
2015-06-11 00:00:00,211.462,89.35,0.219
2015-06-12 00:00:00,210.002,89.3,0.2197
2015-06-15 00:00:00,209.04,89.07,0.2251
2015-06-16 00:00:00,210.226,88.97,0.2332
2015-06-17 00:00:00,210.643,89.05,0.2406
2015-06-18 00:00:00,212.744,89.17,0.2374
2015-06-19 00:00:00,210.59,89.34,0.2373
2015-06-22 00:00:00,211.873,89.5,0.2343
2015-06-23 00:00:00,212.025,89.48,0.234
2015-06-24 00:00:00,210.472,89.46,0.2311
2015-06-25 00:00:00,209.855,89.32,0.2304
2015-06-26 00:00:00,209.808,89.18,0.2306
2015-06-29 00:00:00,205.454,88.71,0.2413
2015-06-30 00:00:00,206.012,88.68,0.2503
2015-07-01 00:00:00,207.49,88.46,0.2476
2015-07-02 00:00:00,207.424,88.52,0.2456
2015-07-03 00:00:00,,,0.243
2015-07-06 00:00:00,206.631,88.29,0.2607
2015-07-07 00:00:00,207.886,88.18,0.2565
2015-07-08 00:00:00,204.491,88.05,0.2569
2015-07-09 00:00:00,204.953,88.16,0.2574
2015-07-10 00:00:00,207.476,88.25,0.271
2015-07-13 00:00:00,209.787,88.37,0.2794
2015-07-14 00:00:00,210.721,88.42,0.2783
2015-07-15 00:00:00,210.569,88.54,0.2774
2015-07-16 00:00:00,212.258,88.57,0.2697
2015-07-17 00:00:00,212.491,88.32,0.264
2015-07-20 00:00:00,212.693,88.22,0.2638
2015-07-21 00:00:00,211.795,87.97,0.2665
2015-07-22 00:00:00,211.312,87.51,0.2639
2015-07-23 00:00:00,210.129,87.42,0.2643
2015-07-24 00:00:00,207.885,87.35,0.2701
2015-07-27 00:00:00,206.689,87,0.2776
2015-07-28 00:00:00,209.243,87.02,0.2815
2015-07-29 00:00:00,210.796,87.5,0.2782
2015-07-30 00:00:00,210.819,87.84,0.2747
2015-07-31 00:00:00,210.344,87.87,0.2718
2015-08-03 00:00:00,209.764,87.42,0.2699
2015-08-04 00:00:00,209.3,87.39,0.2706
2015-08-05 00:00:00,210.028,87.33,0.2704
2015-08-06 00:00:00,208.463,87.06,0.2673
2015-08-07 00:00:00,207.871,86.69,0.2654
2015-08-10 00:00:00,210.531,86.61,0.2523
2015-08-11 00:00:00,208.563,86.28,0.2532
2015-08-12 00:00:00,208.808,85.89,0.256
2015-08-13 00:00:00,208.573,86.11,0.2531
2015-08-14 00:00:00,209.385,86.13,0.2523
2015-08-17 00:00:00,210.511,86.15,0.2457
2015-08-18 00:00:00,210,86.11,0.2431
2015-08-19 00:00:00,208.286,85.94,0.224
2015-08-20 00:00:00,203.91,85.73,0.2199
2015-08-21 00:00:00,197.473,85.5,0.2231
2015-08-24 00:00:00,189.73,84.58,0.2102
2015-08-25 00:00:00,187.178,85.1,0.2017
2015-08-26 00:00:00,194.465,85.16,0.215
2015-08-27 00:00:00,199.187,85.57,0.2154
2015-08-28 00:00:00,199.33,85.84,0.2171
2015-08-31 00:00:00,197.689,85.92,0.2179
2015-09-01 00:00:00,191.88,85.44,0.2175
2015-09-02 00:00:00,195.404,85.47,0.2174
2015-09-03 00:00:00,195.641,85.72,0.2169
2015-09-04 00:00:00,192.67,85.67,0.2182
2015-09-08 00:00:00,197.501,85.91,0.2316
2015-09-09 00:00:00,194.787,86.17,0.229
2015-09-10 00:00:00,195.825,86.09,0.2277
2015-09-11 00:00:00,196.757,86.12,0.2283
2015-09-14 00:00:00,195.968,86.12,0.2191
2015-09-15 00:00:00,198.47,86.02,0.2198
2015-09-16 00:00:00,200.196,85.72,0.218
2015-09-17 00:00:00,199.718,85.65,0.2195
2015-09-18 00:00:00,195.474,85.55,0.2217
2015-09-21 00:00:00,196.368,85.46,0.2173
2015-09-22 00:00:00,193.954,84.92,0.2177
2015-09-23 00:00:00,193.566,84.79,0.2195
2015-09-24 00:00:00,192.916,84.29,0.2208
2015-09-25 00:00:00,192.826,84.1,0.224
2015-09-28 00:00:00,187.936,83.17,0.2254
2015-09-29 00:00:00,188.177,82.76,0.2269
2015-09-30 00:00:00,191.771,82.86,0.2251
2015-10-01 00:00:00,192.163,82.31,0.2256
2015-10-02 00:00:00,194.927,81.96,0.2262
2015-10-05 00:00:00,198.5,82.54,0.2267
2015-10-06 00:00:00,197.787,83.1,0.2307
2015-10-07 00:00:00,199.451,83.89,0.2335
2015-10-08 00:00:00,201.209,84.08,0.2318
2015-10-09 00:00:00,201.359,84.66,0.2314
2015-10-12 00:00:00,201.614,84.7,
2015-10-13 00:00:00,200.259,84.58,0.2357
2015-10-14 00:00:00,199.326,84.49,0.2391
2015-10-15 00:00:00,202.292,84.43,0.2422
2015-10-16 00:00:00,203.212,84.69,0.2479
2015-10-19 00:00:00,203.27,84.84,0.2515
2015-10-20 00:00:00,202.987,85.06,0.2538
2015-10-21 00:00:00,201.833,85.09,0.255
2015-10-22 00:00:00,205.19,84.97,0.2596
2015-10-23 00:00:00,207.45,85.26,0.2631
2015-10-26 00:00:00,207.055,85.24,0.2707
2015-10-27 00:00:00,206.526,85.05,0.2772
2015-10-28 00:00:00,208.989,85.15,0.2856
2015-10-29 00:00:00,208.917,85.16,0.2942
2015-10-30 00:00:00,207.913,85.13,0.3081
2015-11-02 00:00:00,210.377,84.92,0.3242
2015-11-03 00:00:00,210.952,85.06,0.3643
2015-11-04 00:00:00,210.28,85.13,0.4291
2015-11-05 00:00:00,210.086,84.8,0.386
2015-11-06 00:00:00,210.036,84.45,0.3553
2015-11-09 00:00:00,208.021,84.14,0.3559
2015-11-10 00:00:00,208.387,83.87,0.3476
2015-11-11 00:00:00,207.717,83.88,0.3476
2015-11-12 00:00:00,204.857,83.43,0.3095
2015-11-13 00:00:00,202.567,83.07,0.3157
2015-11-16 00:00:00,205.611,82.89,0.3066
2015-11-17 00:00:00,205.38,83.21,0.3174
2015-11-18 00:00:00,208.705,83.21,0.3165
2015-11-19 00:00:00,208.481,82.87,0.3143
2015-11-20 00:00:00,209.302,82.7,0.3034
2015-11-23 00:00:00,209.053,82.59,0.3066
2015-11-24 00:00:00,209.312,82.43,0.3046
2015-11-25 00:00:00,209.306,82.56,0.3061
2015-11-27 00:00:00,209.474,82.59,0.338
2015-11-30 00:00:00,208.516,82.71,0.355
2015-12-01 00:00:00,210.749,82.62,0.3466
2015-12-02 00:00:00,208.491,82.85,0.337
2015-12-03 00:00:00,205.517,82.55,0.3423
2015-12-04 00:00:00,209.715,82.27,0.341
2015-12-07 00:00:00,208.272,81.87,0.3731
2015-12-08 00:00:00,206.944,81.32,0.3742
2015-12-09 00:00:00,205.363,81.29,0.3927
2015-12-10 00:00:00,205.845,81.17,0.3935
2015-12-11 00:00:00,201.898,80.09,0.4109
2015-12-14 00:00:00,202.865,79.08,0.4203
2015-12-15 00:00:00,205.008,79.6,0.4298
2015-12-16 00:00:00,207.986,80.07,0.4318
2015-12-17 00:00:00,204.905,80.01,0.4302
2015-12-18 00:00:00,200.065,79.45,0.4346
2015-12-21 00:00:00,201.645,79.38,0.4131
2015-12-22 00:00:00,203.443,79.56,0.4141
2015-12-23 00:00:00,205.985,79.9,0.4155
2015-12-24 00:00:00,205.655,79.6,0.4283
2015-12-28 00:00:00,205.208,79.58,0.4006
2015-12-29 00:00:00,207.429,79.89,0.4019
2015-12-30 00:00:00,205.953,79.96,0.4054
2015-12-31 00:00:00,204.016,79.97,0.402
2016-01-04 00:00:00,200.939,79.67,0.4078
2016-01-05 00:00:00,201.343,80,0.4086
2016-01-06 00:00:00,198.774,80.08,0.406
2016-01-07 00:00:00,194.07,79.75,0.4215
2016-01-08 00:00:00,191.965,79.86,0.4307
2016-01-11 00:00:00,192.129,79.57,0.4223
2016-01-12 00:00:00,193.628,79.45,0.4221
2016-01-13 00:00:00,188.817,79.03,0.4069
2016-01-14 00:00:00,191.969,78.59,0.4067
2016-01-15 00:00:00,187.832,77.65,0.3819
2016-01-19 00:00:00,187.932,77.62,0.3617
2016-01-20 00:00:00,185.769,76.46,0.3779
2016-01-21 00:00:00,186.737,76.92,0.3915
2016-01-22 00:00:00,190.519,77.81,0.3707
2016-01-25 00:00:00,187.543,78.05,0.3731
2016-01-26 00:00:00,190.192,78.19,0.3709
2016-01-27 00:00:00,188.14,78.37,0.3714
2016-01-28 00:00:00,189.194,78.6,0.3624
2016-01-29 00:00:00,193.875,78.86,0.3538
2016-02-01 00:00:00,193.793,78.36,0.3511
2016-02-02 00:00:00,190.171,77.87,0.3517
2016-02-03 00:00:00,191.182,77.63,0.3503
2016-02-04 00:00:00,191.511,77.76,0.3579
2016-02-05 00:00:00,187.987,77.41,0.3661
2016-02-08 00:00:00,185.35,76.37,0.3544
2016-02-09 00:00:00,185.268,75.9,0.3516
2016-02-10 00:00:00,185.295,76.21,0.3566
2016-02-11 00:00:00,183.055,75.19,0.3566
2016-02-12 00:00:00,186.635,75.78,0.3576
2016-02-16 00:00:00,189.771,76.34,0.3808
2016-02-17 00:00:00,192.906,77.1,0.3897
2016-02-18 00:00:00,192.019,77.43,0.3955
2016-02-19 00:00:00,192.042,77.18,0.3954
2016-02-22 00:00:00,194.805,77.64,0.4124
2016-02-23 00:00:00,192.4,77.6,0.4035
2016-02-24 00:00:00,193.26,77.41,0.3963
2016-02-25 00:00:00,195.492,77.92,0.3985
2016-02-26 00:00:00,195.147,78.63,0.3988
2016-02-29 00:00:00,193.585,79.1,0.4113
2016-03-01 00:00:00,198.191,79.32,0.4097
2016-03-02 00:00:00,199.034,79.83,0.4064
2016-03-03 00:00:00,199.748,80.03,0.3968
2016-03-04 00:00:00,200.409,80.51,0.3947
2016-03-07 00:00:00,200.597,80.69,0.3847
2016-03-08 00:00:00,198.391,80.45,0.3883
2016-03-09 00:00:00,199.421,80.28,0.3874
2016-03-10 00:00:00,199.464,80.45,0.3894
2016-03-11 00:00:00,202.769,81.24,0.3947
2016-03-14 00:00:00,202.528,81.4,0.3895
2016-03-15 00:00:00,202.161,81.01,0.3907
2016-03-16 00:00:00,203.298,80.81,0.3907
2016-03-17 00:00:00,204.632,81.39,0.393
2016-03-18 00:00:00,204.477,81.84,0.3886
2016-03-21 00:00:00,204.679,81.93,0.3852
2016-03-22 00:00:00,204.53,81.79,0.3901
2016-03-23 00:00:00,203.225,81.56,0.3922
2016-03-24 00:00:00,203.147,80.96,0.3918
2016-03-25 00:00:00,,,0.3907
2016-03-28 00:00:00,203.258,80.89,0.3985
2016-03-29 00:00:00,205.09,80.63,0.393
2016-03-30 00:00:00,206.003,81.04,0.3886
2016-03-31 00:00:00,205.583,81.29,0.39
2016-04-01 00:00:00,206.884,80.93,0.3912
2016-04-04 00:00:00,206.264,81.07,0.3939
2016-04-05 00:00:00,204.173,80.77,0.3959
2016-04-06 00:00:00,206.391,81.11,0.3968
2016-04-07 00:00:00,203.928,80.97,0.3962
2016-04-08 00:00:00,204.496,81.25,0.3964
2016-04-11 00:00:00,203.936,81.45,0.3959
2016-04-12 00:00:00,205.909,81.74,0.3996
2016-04-13 00:00:00,208.005,82.3,0.3991
2016-04-14 00:00:00,208.062,82.51,0.3987
2016-04-15 00:00:00,207.855,82.39,0.4012
2016-04-18 00:00:00,209.217,82.39,0.4023
2016-04-19 00:00:00,209.86,82.91,0.4032
2016-04-20 00:00:00,210.031,83.18,0.4109
2016-04-21 00:00:00,208.947,83.19,0.4172
2016-04-22 00:00:00,208.955,83.1,0.4213
2016-04-25 00:00:00,208.577,83,0.4327
2016-04-26 00:00:00,208.966,83.1,0.4378
2016-04-27 00:00:00,209.325,83.37,0.4309
2016-04-28 00:00:00,207.409,83.76,0.4181
2016-04-29 00:00:00,206.36,83.58,0.4237
2016-05-02 00:00:00,207.97,83.21,0.4172
2016-05-03 00:00:00,206.174,82.85,0.4195
2016-05-04 00:00:00,204.995,82.6,0.421
2016-05-05 00:00:00,204.994,82.5,0.42
2016-05-06 00:00:00,205.67,82.2,0.4238
2016-05-09 00:00:00,205.826,82.21,0.4319
2016-05-10 00:00:00,208.393,82.46,0.4269
2016-05-11 00:00:00,206.513,82.73,0.4249
2016-05-12 00:00:00,206.498,82.75,0.4229
2016-05-13 00:00:00,204.767,82.65,0.4256
2016-05-16 00:00:00,206.787,82.83,0.4276
2016-05-17 00:00:00,204.91,82.96,0.4254
2016-05-18 00:00:00,204.982,82.9,0.426
2016-05-19 00:00:00,204.226,82.44,0.4215
2016-05-20 00:00:00,205.48,82.76,0.4139
2016-05-23 00:00:00,205.061,82.89,0.4133
2016-05-24 00:00:00,207.857,83.14,0.4173
2016-05-25 00:00:00,209.313,83.38,0.4197
2016-05-26 00:00:00,209.298,83.44,0.4231
2016-05-27 00:00:00,210.226,83.44,0.441
2016-05-31 00:00:00,210.029,83.52,0.5032
2016-06-01 00:00:00,210.3,82.91,0.4994
2016-06-02 00:00:00,210.914,83,0.5028
2016-06-03 00:00:00,210.304,83.12,0.5212
2016-06-06 00:00:00,211.333,83.45,0.5446
2016-06-07 00:00:00,211.608,83.75,0.5437
2016-06-08 00:00:00,212.348,84.11,0.541
2016-06-09 00:00:00,211.994,84,0.5425
2016-06-10 00:00:00,210.061,83.63,0.5409
2016-06-13 00:00:00,208.427,83.47,0.6408
2016-06-14 00:00:00,208.068,82.85,0.6416
2016-06-15 00:00:00,207.703,83.04,0.6407
2016-06-16 00:00:00,208.383,82.56,0.6907
2016-06-17 00:00:00,206.629,82.92,0.6962
2016-06-20 00:00:00,207.829,83.55,0.7021
2016-06-21 00:00:00,208.41,83.52,0.6353
2016-06-22 00:00:00,208.067,83.67,0.611
2016-06-23 00:00:00,210.848,83.97,0.5539
2016-06-24 00:00:00,203.277,83.21,0.6114
2016-06-27 00:00:00,199.599,82.49,0.597
2016-06-28 00:00:00,203.187,82.63,0.6057
2016-06-29 00:00:00,206.67,83.33,0.5953
2016-06-30 00:00:00,209.47,83.66,0.6172
2016-07-01 00:00:00,209.915,83.66,0.634
2016-07-05 00:00:00,208.493,83.65,0.63
2016-07-06 00:00:00,209.68,83.69,0.6295
2016-07-07 00:00:00,209.519,84.05,0.6005
2016-07-08 00:00:00,212.709,84.5,
2016-07-11 00:00:00,213.44,85.08,0.6088
2016-07-12 00:00:00,214.933,85.61,0.6145
2016-07-13 00:00:00,214.981,85.3,0.6218
2016-07-14 00:00:00,216.114,85.52,0.6165
2016-07-15 00:00:00,215.912,85.48,0.6207
2016-07-18 00:00:00,216.433,85.42,0.6341
2016-07-19 00:00:00,216.128,85.47,0.6277
2016-07-20 00:00:00,217.076,85.56,0.6258
2016-07-21 00:00:00,216.297,85.58,0.6204
2016-07-22 00:00:00,217.278,85.66,0.616
2016-07-25 00:00:00,216.627,85.65,0.6129
2016-07-26 00:00:00,216.702,85.45,0.6081
2016-07-27 00:00:00,216.452,85.38,0.6111
2016-07-28 00:00:00,216.816,85.29,0.6135
2016-07-29 00:00:00,217.17,85.17,0.6133
2016-08-01 00:00:00,216.895,84.72,0.5814
2016-08-02 00:00:00,215.523,84.51,0.555
2016-08-03 00:00:00,216.263,84.56,0.5038
2016-08-04 00:00:00,216.363,84.94,0.5348
2016-08-05 00:00:00,218.222,85.24,0.5356
2016-08-08 00:00:00,218.044,85.45,0.5522
2016-08-09 00:00:00,218.137,85.82,0.5493
2016-08-10 00:00:00,217.594,85.88,0.5521
2016-08-11 00:00:00,218.649,85.91,0.5548
2016-08-12 00:00:00,218.485,86.01,0.5484
2016-08-15 00:00:00,219.119,86.17,0.531
2016-08-16 00:00:00,217.961,86.3,0.5328
2016-08-17 00:00:00,218.42,86.29,0.5358
2016-08-18 00:00:00,218.904,86.38,0.5352
2016-08-19 00:00:00,218.618,86.38,0.536
2016-08-22 00:00:00,218.498,86.39,0.5438
2016-08-23 00:00:00,218.929,86.51,0.5442
2016-08-24 00:00:00,217.798,86.55,0.541
2016-08-25 00:00:00,217.504,86.53,0.5369
2016-08-26 00:00:00,217.166,86.55,0.5383
2016-08-29 00:00:00,218.325,86.59,0.5354
2016-08-30 00:00:00,217.935,86.65,0.5359
2016-08-31 00:00:00,217.459,86.6,0.5347
2016-09-01 00:00:00,217.453,86.17,0.5331
2016-09-02 00:00:00,218.371,86.24,0.5343
2016-09-06 00:00:00,219.024,86.4,0.5672
2016-09-07 00:00:00,219.044,86.48,0.5708
2016-09-08 00:00:00,218.568,86.55,0.5793
2016-09-09 00:00:00,213.234,86.13,0.5802
2016-09-12 00:00:00,216.36,85.91,0.5641
2016-09-13 00:00:00,213.231,85.61,0.5658
2016-09-14 00:00:00,213.121,85.54,0.5674
2016-09-15 00:00:00,215.299,85.56,0.5666
2016-09-16 00:00:00,213.409,85.49,0.5653
2016-09-19 00:00:00,213.409,85.6,0.5673
2016-09-20 00:00:00,213.475,85.64,0.5666
2016-09-21 00:00:00,215.805,85.73,0.5578
2016-09-22 00:00:00,217.211,86.28,0.5554
2016-09-23 00:00:00,215.964,86.34,0.5569
2016-09-26 00:00:00,214.125,86.21,0.5619
2016-09-27 00:00:00,215.517,86.14,0.5638
2016-09-28 00:00:00,216.703,86.31,0.5627
2016-09-29 00:00:00,214.69,86.53,0.5631
2016-09-30 00:00:00,216.404,86.63,0.5639
2016-10-03 00:00:00,215.725,86.37,0.5693
2016-10-04 00:00:00,214.679,86.48,0.5686
2016-10-05 00:00:00,215.69,86.57,0.5688
2016-10-06 00:00:00,215.799,86.61,0.57
2016-10-07 00:00:00,215.102,86.65,0.5714
2016-10-10 00:00:00,216.089,86.69,
2016-10-11 00:00:00,213.405,86.67,0.5861
2016-10-12 00:00:00,213.667,86.64,0.5944
2016-10-13 00:00:00,213.013,86.48,0.5919
2016-10-14 00:00:00,213.055,86.62,0.5921
2016-10-17 00:00:00,212.414,86.66,0.5951
2016-10-18 00:00:00,213.718,86.8,0.5926
2016-10-19 00:00:00,214.216,87.03,0.5888
2016-10-20 00:00:00,213.935,87.12,0.5846
2016-10-21 00:00:00,213.919,87.12,0.5857
2016-10-24 00:00:00,214.937,87.18,0.6035
2016-10-25 00:00:00,214.129,87.16,0.6069
2016-10-26 00:00:00,213.76,86.93,0.6159
2016-10-27 00:00:00,213.129,86.69,0.632
2016-10-28 00:00:00,212.481,86.45,0.6376
2016-10-31 00:00:00,212.456,86.14,0.6498
2016-11-01 00:00:00,211.019,85.3,0.6695
2016-11-02 00:00:00,209.676,85.07,0.6753
2016-11-03 00:00:00,208.825,85.12,0.6686
2016-11-04 00:00:00,208.481,85.04,0.6473
2016-11-07 00:00:00,213.099,85.55,0.6563
2016-11-08 00:00:00,214.003,85.52,0.6582
2016-11-09 00:00:00,216.388,85.27,0.6764
2016-11-10 00:00:00,216.836,84.96,0.6657
2016-11-11 00:00:00,216.536,84.98,
2016-11-14 00:00:00,216.544,84.09,0.6521
2016-11-15 00:00:00,218.205,84.58,0.6603
2016-11-16 00:00:00,217.92,84.65,0.6767
2016-11-17 00:00:00,218.95,84.8,0.6928
2016-11-18 00:00:00,218.463,84.66,0.6915
2016-11-21 00:00:00,220.087,84.81,0.682
2016-11-22 00:00:00,220.571,85.13,0.6889
2016-11-23 00:00:00,220.758,85.16,
2016-11-25 00:00:00,221.62,85.16,0.681
2016-11-28 00:00:00,220.487,85.31,0.6789
2016-11-29 00:00:00,220.83,85.27,
2016-11-30 00:00:00,220.292,85.38,
2016-12-01 00:00:00,219.533,84.96,
2016-12-02 00:00:00,219.617,85.01,
2016-12-05 00:00:00,220.911,85.19,
2016-12-06 00:00:00,221.668,85.46,
2016-12-07 00:00:00,224.617,85.84,
2016-12-08 00:00:00,225.122,85.96,0.7122
2016-12-09 00:00:00,226.452,86.14,0.714
2016-12-12 00:00:00,226.205,86.28,0.719
2016-12-13 00:00:00,227.715,86.36,0.722
2016-12-14 00:00:00,225.89,86.38,0.7209
2016-12-15 00:00:00,226.774,85.95,0.721
2016-12-16 00:00:00,225.052,85.92,0.7221
2016-12-19 00:00:00,225.502,86,0.7334
2016-12-20 00:00:00,226.356,86.06,0.7334
2016-12-21 00:00:00,225.807,86.13,0.7523
2016-12-22 00:00:00,225.413,85.92,0.7897
2016-12-23 00:00:00,225.715,86.02,0.8293
2016-12-27 00:00:00,226.224,86.1,0.855
2016-12-28 00:00:00,224.372,86.19,0.8838
2016-12-29 00:00:00,224.314,86.25,0.8982
2016-12-30 00:00:00,223.284,86.26,0.884
2017-01-03 00:00:00,225.184,86.51,0.9458
2017-01-04 00:00:00,226.524,86.82,1.0071
2017-01-05 00:00:00,226.349,87.02,0.9587
2017-01-06 00:00:00,227.216,87.07,0.8584
2017-01-09 00:00:00,226.415,87.07,0.8308
2017-01-10 00:00:00,226.416,87.12,0.8389
2017-01-11 00:00:00,227.077,87.06,0.7636
2017-01-12 00:00:00,226.594,87.02,0.7228
2017-01-13 00:00:00,227.011,87.07,0.7483
2017-01-17 00:00:00,226.336,87.09,0.8098
2017-01-18 00:00:00,226.772,87.04,0.8172
2017-01-19 00:00:00,225.958,86.94,0.8266
2017-01-20 00:00:00,226.725,86.88,0.8299
2017-01-23 00:00:00,226.121,86.82,0.8515
2017-01-24 00:00:00,227.605,86.89,0.8391
2017-01-25 00:00:00,229.431,87.11,0.826
2017-01-26 00:00:00,229.267,87.17,0.8382
2017-01-27 00:00:00,229.078,87.24,0.8479
2017-01-30 00:00:00,227.713,87.18,0.8481
2017-01-31 00:00:00,227.511,87.14,0.8767
2017-02-01 00:00:00,227.63,86.84,0.8957
2017-02-02 00:00:00,227.772,86.95,0.9159
2017-02-03 00:00:00,229.443,87.14,0.9337
2017-02-06 00:00:00,228.959,87.24,0.9426
2017-02-07 00:00:00,229.022,87.3,0.9641
2017-02-08 00:00:00,229.251,87.2,0.9694
2017-02-09 00:00:00,230.609,87.18,0.9245
2017-02-10 00:00:00,231.441,87.21,0.8991
2017-02-13 00:00:00,232.711,87.33,0.9162
2017-02-14 00:00:00,233.709,87.37,0.9302
2017-02-15 00:00:00,234.907,87.39,0.9339
2017-02-16 00:00:00,234.727,87.4,0.9494
2017-02-17 00:00:00,235.123,87.37,0.9688
2017-02-21 00:00:00,236.541,87.61,1.0132
2017-02-22 00:00:00,236.307,87.74,1.0374
2017-02-23 00:00:00,236.431,87.86,1.0599
2017-02-24 00:00:00,236.838,87.9,1.0851
2017-02-27 00:00:00,237.111,87.98,1.0951
2017-02-28 00:00:00,236.509,88.08,1.1029
2017-03-01 00:00:00,239.775,87.93,1.1188
2017-03-02 00:00:00,238.392,87.91,1.1515
2017-03-03 00:00:00,238.517,87.78,1.1766
2017-03-06 00:00:00,237.743,87.58,1.1807
2017-03-07 00:00:00,237.068,87.27,1.1431
2017-03-08 00:00:00,236.599,86.88,1.1037
2017-03-09 00:00:00,236.789,86.47,1.0809
2017-03-10 00:00:00,237.564,86.51,1.1522
2017-03-13 00:00:00,237.728,86.32,1.1373
2017-03-14 00:00:00,236.939,85.92,1.1497
2017-03-15 00:00:00,238.92,86.25,1.154
2017-03-16 00:00:00,238.541,86.74,1.1319
2017-03-17 00:00:00,237.194,86.77,1.052
2017-03-20 00:00:00,236.724,86.66,0.955
2017-03-21 00:00:00,233.805,86.49,0.995
2017-03-22 00:00:00,234.255,86.23,0.9741
2017-03-23 00:00:00,234.009,86.35,0.9527
2017-03-24 00:00:00,233.809,86.49,0.9172
2017-03-27 00:00:00,233.57,86.46,0.9143
2017-03-28 00:00:00,235.265,86.69,0.9605
2017-03-29 00:00:00,235.567,87.04,0.9542
2017-03-30 00:00:00,236.264,87.34,0.9548
2017-03-31 00:00:00,235.73,87.41,0.9739
2017-04-03 00:00:00,235.353,87.06,1.0436
2017-04-04 00:00:00,235.521,87.04,1.0557
2017-04-05 00:00:00,234.825,87.2,1.0405
2017-04-06 00:00:00,235.347,87.22,1.068
2017-04-07 00:00:00,235.153,87.27,1.0991
2017-04-10 00:00:00,235.326,87.36,1.1177
2017-04-11 00:00:00,235.021,87.32,1.1179
2017-04-12 00:00:00,234.141,87.27,1.125
2017-04-13 00:00:00,232.547,87.25,1.0975
2017-04-17 00:00:00,234.547,87.25,1.0865
2017-04-18 00:00:00,233.873,87.17,1.1025
2017-04-19 00:00:00,233.505,87.25,1.1066
2017-04-20 00:00:00,235.275,87.3,1.1228
2017-04-21 00:00:00,234.559,87.36,1.1456
2017-04-24 00:00:00,237.104,87.59,1.1487
2017-04-25 00:00:00,238.546,87.71,1.168
2017-04-26 00:00:00,238.433,87.84,1.1885
2017-04-27 00:00:00,238.589,87.84,1.2104
2017-04-28 00:00:00,238.135,87.91,1.2312
2017-05-01 00:00:00,238.548,87.58,1.302
2017-05-02 00:00:00,238.831,87.68,1.3369
2017-05-03 00:00:00,238.577,87.68,1.3551
2017-05-04 00:00:00,238.729,87.46,1.4355
2017-05-05 00:00:00,239.703,87.41,1.4224
2017-05-08 00:00:00,239.74,87.49,1.4737
2017-05-09 00:00:00,239.505,87.57,1.5654
2017-05-10 00:00:00,239.867,87.65,1.6067
2017-05-11 00:00:00,239.424,87.71,1.676
2017-05-12 00:00:00,239.074,87.74,1.638
2017-05-15 00:00:00,240.242,87.88,1.6108
2017-05-16 00:00:00,240.125,87.95,1.6022
2017-05-17 00:00:00,235.847,87.87,1.6625
2017-05-18 00:00:00,236.718,87.77,1.6748
2017-05-19 00:00:00,238.317,87.98,1.7688
2017-05-22 00:00:00,239.547,88.12,1.9324
2017-05-23 00:00:00,239.99,88.2,1.984
2017-05-24 00:00:00,240.594,88.25,2.1575
2017-05-25 00:00:00,241.693,88.33,2.3144
2017-05-26 00:00:00,241.798,88.33,2.1815
2017-05-30 00:00:00,241.545,88.39,2.0969
2017-05-31 00:00:00,241.471,88.39,2.0585
2017-06-01 00:00:00,243.32,88.12,2.1864
2017-06-02 00:00:00,244.221,88.21,2.2227
2017-06-05 00:00:00,243.933,88.25,2.3745
2017-06-06 00:00:00,243.257,88.23,2.5805
2017-06-07 00:00:00,243.688,88.14,2.6086
2017-06-08 00:00:00,243.759,88.04,2.5094
2017-06-09 00:00:00,243.555,88.08,2.5929
2017-06-12 00:00:00,243.334,88.13,2.5003
2017-06-13 00:00:00,244.488,88.25,2.4707
2017-06-14 00:00:00,244.264,88.28,2.4411
2017-06-15 00:00:00,243.764,88.18,2.1468
2017-06-16 00:00:00,242.649,88.13,2.2297
2017-06-19 00:00:00,244.676,88.21,2.3246
2017-06-20 00:00:00,243.04,88.04,2.4522
2017-06-21 00:00:00,242.919,87.83,2.4849
2017-06-22 00:00:00,242.809,87.77,2.4411
2017-06-23 00:00:00,243.186,87.81,2.4783
2017-06-26 00:00:00,243.264,87.94,2.2408
2017-06-27 00:00:00,241.303,88.02,2.1544
2017-06-28 00:00:00,243.475,88.05,2.3063
2017-06-29 00:00:00,241.389,88.07,2.3498
2017-06-30 00:00:00,241.771,88.08,2.3175
2017-07-03 00:00:00,242.349,87.76,2.3131
2017-07-05 00:00:00,242.748,87.77,2.3591
2017-07-06 00:00:00,240.563,87.63,2.3822
2017-07-07 00:00:00,242.103,87.44,2.3436
2017-07-10 00:00:00,242.327,87.47,2.2556
2017-07-11 00:00:00,242.139,87.5,2.1498
2017-07-12 00:00:00,243.926,87.72,2.1491
2017-07-13 00:00:00,244.389,87.81,2.1764
2017-07-14 00:00:00,245.53,87.98,2.0889
2017-07-17 00:00:00,245.525,88.17,1.8399
2017-07-18 00:00:00,245.676,88.27,2.0549
2017-07-19 00:00:00,247.013,88.42,2.1304
2017-07-20 00:00:00,246.991,88.53,2.2751
2017-07-21 00:00:00,246.902,88.52,2.5147
2017-07-24 00:00:00,246.645,88.54,2.5251
2017-07-25 00:00:00,247.365,88.58,2.3781
2017-07-26 00:00:00,247.434,88.65,2.2932
2017-07-27 00:00:00,247.22,88.62,2.3301
2017-07-28 00:00:00,246.895,88.61,2.4974
2017-07-31 00:00:00,246.716,88.61,2.5187
2017-08-01 00:00:00,247.319,88.3,2.5513
2017-08-02 00:00:00,247.487,88.33,2.4933
2017-08-03 00:00:00,246.994,88.27,2.4958
2017-08-04 00:00:00,247.463,88.24,2.5854
2017-08-07 00:00:00,247.876,88.24,3.0319
2017-08-08 00:00:00,247.31,88.16,3.1167
2017-08-09 00:00:00,247.248,87.8,3.0759
2017-08-10 00:00:00,243.769,87.54,3.0963
2017-08-11 00:00:00,244.094,87.43,3.1938
2017-08-14 00:00:00,246.548,87.61,3.8228
2017-08-15 00:00:00,246.482,87.6,3.8062
2017-08-16 00:00:00,246.9,87.67,3.8
2017-08-17 00:00:00,243.115,87.58,3.9671
2017-08-18 00:00:00,242.675,87.47,3.8742
2017-08-21 00:00:00,242.961,87.49,3.6983
2017-08-22 00:00:00,245.374,87.53,3.5601
2017-08-23 00:00:00,244.552,87.58,3.7883
2017-08-24 00:00:00,244.051,87.68,3.8084
2017-08-25 00:00:00,244.484,87.77,3.9782
2017-08-28 00:00:00,244.612,87.86,3.9367
2017-08-29 00:00:00,244.851,87.85,4.0863
2017-08-30 00:00:00,246.038,87.94,4.1877
2017-08-31 00:00:00,247.447,88.09,4.2759
2017-09-01 00:00:00,247.965,87.81,4.3813
2017-09-05 00:00:00,246.1,87.83,3.963
2017-09-06 00:00:00,246.868,87.9,4.1614
2017-09-07 00:00:00,246.878,87.94,4.1864
2017-09-08 00:00:00,246.522,87.87,4.0534
2017-09-11 00:00:00,249.184,87.92,3.8615
2017-09-12 00:00:00,250.033,87.94,3.858
2017-09-13 00:00:00,250.226,87.96,3.6071
2017-09-14 00:00:00,250.031,88.02,3.2652
2017-09-15 00:00:00,249.286,88.03,3.0863
2017-09-18 00:00:00,249.659,88.11,3.5891
2017-09-19 00:00:00,249.938,88.15,3.6428
2017-09-20 00:00:00,250.096,88.21,3.591
2017-09-21 00:00:00,249.343,88.18,3.4583
2017-09-22 00:00:00,249.51,88.17,3.3054
2017-09-25 00:00:00,248.955,88.24,3.4956
2017-09-26 00:00:00,248.992,88.31,3.5788
2017-09-27 00:00:00,250.008,88.28,3.688
2017-09-28 00:00:00,250.359,88.34,3.8236
2017-09-29 00:00:00,251.292,88.41,3.7756
2017-10-02 00:00:00,252.268,88.08,4.011
2017-10-03 00:00:00,252.821,88.1,3.9368
2017-10-04 00:00:00,253.152,88.12,3.8806
2017-10-05 00:00:00,254.623,88.18,3.8845
2017-10-06 00:00:00,254.428,88.16,3.9793
2017-10-09 00:00:00,253.967,88.2,4.2485
2017-10-10 00:00:00,254.563,88.23,4.3887
2017-10-11 00:00:00,255.024,88.24,4.3737
2017-10-12 00:00:00,254.616,88.18,4.6614
2017-10-13 00:00:00,254.844,88.14,5.1066
2017-10-16 00:00:00,255.294,88.2,5.16
2017-10-17 00:00:00,255.464,88.28,5.1419
2017-10-18 00:00:00,255.664,88.34,4.9056
2017-10-19 00:00:00,255.768,88.37,5.1158
2017-10-20 00:00:00,257.091,88.41,5.3291
2017-10-23 00:00:00,256.077,88.47,5.325
2017-10-24 00:00:00,256.497,88.48,5.2121
2017-10-25 00:00:00,255.303,88.3,5.0281
2017-10-26 00:00:00,255.627,88.29,5.3066
2017-10-27 00:00:00,257.684,88.23,5.3021
2017-10-30 00:00:00,256.882,88.24,5.6025
2017-10-31 00:00:00,257.133,88.26,5.7063
2017-11-01 00:00:00,257.541,87.93,5.928
2017-11-02 00:00:00,257.619,87.85,6.2741
2017-11-03 00:00:00,258.437,87.84,6.58
2017-11-06 00:00:00,258.784,87.83,6.5712
2017-11-07 00:00:00,258.735,87.76,6.4595
2017-11-08 00:00:00,259.112,87.43,6.7606
2017-11-09 00:00:00,258.202,87.07,6.6157
2017-11-10 00:00:00,258.061,87.07,6.2471
2017-11-13 00:00:00,258.318,87.04,5.6965
2017-11-14 00:00:00,257.764,86.81,5.9884
2017-11-15 00:00:00,256.403,86.54,6.3832
2017-11-16 00:00:00,258.581,87.04,6.8066
2017-11-17 00:00:00,257.923,87.1,7.1294
2017-11-20 00:00:00,258.259,87.2,7.3875
2017-11-21 00:00:00,259.945,87.33,7.4011
2017-11-22 00:00:00,259.772,87.42,7.4328
2017-11-24 00:00:00,260.314,87.46,7.4209
2017-11-27 00:00:00,260.244,87.5,8.6996
2017-11-28 00:00:00,262.809,87.48,8.9514
2017-11-29 00:00:00,262.748,87.52,9.5133
2017-11-30 00:00:00,264.987,87.54,8.9666
2017-12-01 00:00:00,264.461,87.18,9.224
2017-12-04 00:00:00,264.191,87.28,10.192
2017-12-05 00:00:00,263.218,87.3,10.6046
2017-12-06 00:00:00,263.194,87.21,11.328
2017-12-07 00:00:00,264.007,87.15,13.323
2017-12-08 00:00:00,265.479,87.17,14.4291
2017-12-11 00:00:00,266.325,87.23,14.85
2017-12-12 00:00:00,266.744,87.28,15.4334
2017-12-13 00:00:00,266.63,87.27,15.4415
2017-12-14 00:00:00,265.594,87.23,15.1046
2017-12-15 00:00:00,266.627,87.2,15.8333
2017-12-18 00:00:00,268.068,87.21,17.044
2017-12-19 00:00:00,267.207,87.17,16.6651
2017-12-20 00:00:00,267.02,87.16,15.3152
2017-12-21 00:00:00,267.55,86.81,14.6638
2017-12-22 00:00:00,267.426,86.82,12.321
2017-12-26 00:00:00,267.155,86.86,13.8742
2017-12-27 00:00:00,267.385,86.9,14.1568
2017-12-28 00:00:00,267.925,86.94,13.0503
2017-12-29 00:00:00,266.552,86.97,13.1843
2018-01-02 00:00:00,268.773,87.08,12.7102
2018-01-03 00:00:00,270.489,87.33,13.5819
2018-01-04 00:00:00,271.635,87.57,13.4861
2018-01-05 00:00:00,273.541,87.68,14.2861
2018-01-08 00:00:00,273.999,87.72,13.807
2018-01-09 00:00:00,274.439,87.7,13.449
2018-01-10 00:00:00,274.137,87.45,12.8677
2018-01-11 00:00:00,276.085,87.52,12.4485
2018-01-12 00:00:00,277.945,87.54,12.2674
2018-01-16 00:00:00,276.971,87.61,11.0413
2018-01-17 00:00:00,279.574,87.57,9.4757
2018-01-18 00:00:00,279.147,87.46,10.3723
2018-01-19 00:00:00,280.375,87.4,10.4099
2018-01-22 00:00:00,282.638,87.43,9.923
2018-01-23 00:00:00,283.262,87.56,9.638
2018-01-24 00:00:00,283.103,87.6,9.9482
2018-01-25 00:00:00,283.273,87.62,10.2303
2018-01-26 00:00:00,286.627,87.64,9.884
2018-01-29 00:00:00,284.718,87.54,10.2504
2018-01-30 00:00:00,281.638,87.28,9.4261
2018-01-31 00:00:00,281.78,87.34,9.0079
2018-02-01 00:00:00,281.654,86.88,8.3671
2018-02-02 00:00:00,275.707,86.51,7.6883
2018-02-05 00:00:00,264.429,86.31,6.7485
2018-02-06 00:00:00,269.061,85.99,6.1198
2018-02-07 00:00:00,267.727,86.27,7.1775
2018-02-08 00:00:00,257.735,85.83,7.3724
2018-02-09 00:00:00,261.656,85.14,7.4265
2018-02-12 00:00:00,265.295,85.46,7.7515
2018-02-13 00:00:00,266.001,85.24,7.8525
2018-02-14 00:00:00,269.634,85.24,8.1578
2018-02-15 00:00:00,272.943,85.68,8.8473
2018-02-16 00:00:00,273.067,86.01,9.075
2018-02-20 00:00:00,271.495,86.12,10.3694
2018-02-21 00:00:00,270.013,86.1,9.8943
2018-02-22 00:00:00,270.296,85.96,9.2631
2018-02-23 00:00:00,274.629,85.89,9.0547
2018-02-26 00:00:00,277.88,86.16,9.0019
2018-02-27 00:00:00,274.4,86.16,9.5104
2018-02-28 00:00:00,271.394,86.13,9.6678
2018-03-01 00:00:00,267.831,85.61,9.6113
2018-03-02 00:00:00,269.208,85.34,9.9277
2018-03-05 00:00:00,272.169,85.49,10.4156
2018-03-06 00:00:00,272.899,85.69,9.9843
2018-03-07 00:00:00,272.786,85.6,9.1865
2018-03-08 00:00:00,274.072,85.62,8.7649
2018-03-09 00:00:00,278.821,85.68,8.028
2018-03-12 00:00:00,278.468,85.7,8.5407
2018-03-13 00:00:00,276.718,85.64,8.2532
2018-03-14 00:00:00,275.215,85.55,7.9007
2018-03-15 00:00:00,275.018,85.47,7.3037
2018-03-16 00:00:00,274.394,85.51,7.503
2018-03-19 00:00:00,270.5,85.39,7.4718
2018-03-20 00:00:00,270.905,85.35,7.77
2018-03-21 00:00:00,270.433,85.38,8.1148
2018-03-22 00:00:00,263.64,85.28,7.9262
2018-03-23 00:00:00,258.115,85.21,7.7046
2018-03-26 00:00:00,265.126,85.2,7.41
2018-03-27 00:00:00,260.545,85.3,7.226
2018-03-28 00:00:00,259.829,85.23,7.1464
2018-03-29 00:00:00,263.417,85.29,6.8507
2018-04-02 00:00:00,257.536,84.85,6.2957
2018-04-03 00:00:00,260.795,84.86,6.5689
2018-04-04 00:00:00,263.829,84.9,6.4185
2018-04-05 00:00:00,265.676,85.21,6.0947
2018-04-06 00:00:00,259.859,85.26,6.0257
2018-04-09 00:00:00,260.802,85.37,6.227
2018-04-10 00:00:00,265.167,85.62,6.0969
2018-04-11 00:00:00,263.713,85.7,6.2058
2018-04-12 00:00:00,265.92,85.87,6.7222
2018-04-13 00:00:00,265.155,86.07,7.2093
2018-04-16 00:00:00,267.309,86.19,7.3417
2018-04-17 00:00:00,270.153,86.35,7.2546
2018-04-18 00:00:00,270.378,86.38,7.2349
2018-04-19 00:00:00,268.865,86.05,7.4036
2018-04-20 00:00:00,266.584,85.92,7.5803
2018-04-23 00:00:00,266.599,85.74,8.0152
2018-04-24 00:00:00,263.043,85.59,8.3378
2018-04-25 00:00:00,263.525,85.34,8.3644
2018-04-26 00:00:00,266.2701,85.49,7.9912
2018-04-27 00:00:00,266.5786,85.55,8.3067
2018-04-30 00:00:00,264.4073,85.57,8.3874
2018-05-01 00:00:00,265.0811,85.11,8.1236
2018-05-02 00:00:00,263.1737,85.21,8.1928
2018-05-03 00:00:00,262.6089,85.12,8.4478
2018-05-04 00:00:00,266.0133,85.17,8.7037
2018-05-07 00:00:00,266.9357,85.28,8.4264
2018-05-08 00:00:00,266.8688,85.28,8.346
2018-05-09 00:00:00,269.4793,85.33,8.2676
2018-05-10 00:00:00,272.0585,85.41,8.3533
2018-05-11 00:00:00,272.615,85.47,7.9086
2018-05-14 00:00:00,272.8678,85.52,7.7438
2018-05-15 00:00:00,271.0192,85.37,7.8195
2018-05-16 00:00:00,272.1914,85.32,7.47
2018-05-17 00:00:00,272.0377,85.31,7.4813
2018-05-18 00:00:00,271.3434,85.28,7.2851
2018-05-21 00:00:00,273.3476,85.31,7.626
2018-05-22 00:00:00,272.4971,85.37,7.4412
2018-05-23 00:00:00,273.3848,85.29,7.0076
2018-05-24 00:00:00,272.8432,85.32,6.7778
2018-05-25 00:00:00,272.2311,85.3,6.7432
2018-05-29 00:00:00,269.1022,85.11,6.545
2018-05-30 00:00:00,272.5539,85.24,6.703
2018-05-31 00:00:00,270.7445,85.34,6.7463
2018-06-01 00:00:00,273.6995,85.03,6.7347
2018-06-04 00:00:00,274.9278,85.14,6.829
2018-06-05 00:00:00,275.1373,85.23,6.7403
2018-06-06 00:00:00,277.4943,85.33,6.8406
2018-06-07 00:00:00,277.346,85.46,6.9181
2018-06-08 00:00:00,278.2179,85.47,6.8626
2018-06-11 00:00:00,278.5154,85.55,6.074
2018-06-12 00:00:00,279.0088,85.65,6.062
2018-06-13 00:00:00,277.9008,85.75,5.7672
2018-06-14 00:00:00,278.6672,85.85,5.8118
2018-06-15 00:00:00,277.1669,85.87,5.9168
2018-06-18 00:00:00,276.5816,85.85,5.8863
2018-06-19 00:00:00,275.4819,85.77,6.0529
2018-06-20 00:00:00,275.951,85.89,6.0146
2018-06-21 00:00:00,274.2288,85.83,6.0579
2018-06-22 00:00:00,274.7428,85.85,5.7127
2018-06-25 00:00:00,270.9775,85.71,5.576
2018-06-26 00:00:00,271.5721,85.62,5.5806
2018-06-27 00:00:00,269.2376,85.55,5.4863
2018-06-28 00:00:00,270.9333,85.22,5.4926
2018-06-29 00:00:00,271.1542,85.28,5.2986
2018-07-02 00:00:00,271.9931,84.63,5.8261
2018-07-03 00:00:00,270.6446,84.73,5.9367
2018-07-05 00:00:00,273.0383,84.78,5.9257
2018-07-06 00:00:00,275.3669,84.85,5.8779
2018-07-09 00:00:00,277.8719,85.08,6.0289
2018-07-10 00:00:00,278.8392,85.26,5.8569
2018-07-11 00:00:00,276.8644,85.16,5.7031
2018-07-12 00:00:00,279.307,85.31,5.6049
2018-07-13 00:00:00,279.6064,85.38,5.5928
2018-07-16 00:00:00,279.3323,85.37,5.8736
2018-07-17 00:00:00,280.4429,85.38,6.2596
2018-07-18 00:00:00,281.0473,85.43,6.6668
2018-07-19 00:00:00,279.9673,85.42,6.6249
2018-07-20 00:00:00,279.7116,85.44,6.6878
2018-07-23 00:00:00,280.2243,85.48,6.8628
2018-07-24 00:00:00,281.5734,85.56,7.2201
2018-07-25 00:00:00,284.1317,85.59,7.4101
2018-07-26 00:00:00,283.2725,85.69,7.3844
2018-07-27 00:00:00,281.4169,85.72,7.2004
2018-07-30 00:00:00,279.8241,85.76,7.2667
2018-07-31 00:00:00,281.1967,85.87,7.0961
2018-08-01 00:00:00,280.9021,85.52,6.82
2018-08-02 00:00:00,282.3103,85.56,6.7942
2018-08-03 00:00:00,283.6535,85.68,6.651
2018-08-06 00:00:00,284.6806,85.75,6.2872
2018-08-07 00:00:00,285.4842,85.91,6.2862
2018-08-08 00:00:00,285.4172,85.9,5.833
2018-08-09 00:00:00,285.0797,85.9,5.7084
2018-08-10 00:00:00,283.1404,85.75,5.785
2018-08-13 00:00:00,282.0125,85.68,5.6831
2018-08-14 00:00:00,283.8335,85.7,5.4429
2018-08-15 00:00:00,281.7337,85.59,5.7155
2018-08-16 00:00:00,284.0414,85.71,5.6988
2018-08-17 00:00:00,285.0034,85.74,5.7738
2018-08-20 00:00:00,285.7034,85.83,5.7959
2018-08-21 00:00:00,286.3023,85.92,5.7109
2018-08-22 00:00:00,286.1963,86.03,5.9297
2018-08-23 00:00:00,285.7299,86.04,5.7232
2018-08-24 00:00:00,287.4946,86.08,5.8585
2018-08-27 00:00:00,289.7246,86.16,6.0126
2018-08-28 00:00:00,289.8037,86.17,6.2399
2018-08-29 00:00:00,291.4743,86.19,6.3089
2018-08-30 00:00:00,290.2335,86.16,6.2033
2018-08-31 00:00:00,290.3014,86.1,6.2441
2018-09-04 00:00:00,289.8467,85.75,6.5622
2018-09-05 00:00:00,289.0394,85.67,6.3415
2018-09-06 00:00:00,288.0724,85.63,5.8073
2018-09-07 00:00:00,287.4589,85.59,5.7694
2018-09-10 00:00:00,288.0009,85.65,5.6303
2018-09-11 00:00:00,289.0913,85.71,5.6293
2018-09-12 00:00:00,289.1955,85.86,5.6105
2018-09-13 00:00:00,290.7918,85.97,5.7636
2018-09-14 00:00:00,290.9132,86.04,5.8083
2018-09-17 00:00:00,289.3052,86.05,5.7114
2018-09-18 00:00:00,290.8613,86.11,5.6273
2018-09-19 00:00:00,291.2242,86.08,5.6561
2018-09-20 00:00:00,293.5082,86.06,5.7353
2018-09-21 00:00:00,292.0823,86.07,5.9246
2018-09-24 00:00:00,291.0548,86.02,5.9422
2018-09-25 00:00:00,290.6954,86.01,5.7646
2018-09-26 00:00:00,289.7387,86.06,5.7768
2018-09-27 00:00:00,290.5912,86.11,5.818
2018-09-28 00:00:00,290.5974,86.17,5.9628
2018-10-01 00:00:00,291.6498,86,5.8739
2018-10-02 00:00:00,291.5408,86.06,5.8482
2018-10-03 00:00:00,291.7517,86.04,5.7753
2018-10-04 00:00:00,289.4369,85.59,5.8452
2018-10-05 00:00:00,287.8384,85.42,5.8521
2018-10-08 00:00:00,287.7245,85.46,5.893
2018-10-09 00:00:00,287.3985,85.17,5.8911
2018-10-10 00:00:00,277.9647,84.8,5.8314
2018-10-11 00:00:00,272.2509,84.79,5.5604
2018-10-12 00:00:00,276.1424,84.98,5.5337
2018-10-15 00:00:00,274.5194,85.03,5.7697
2018-10-16 00:00:00,280.4205,85.21,5.7445
2018-10-17 00:00:00,280.3609,85.17,5.7573
2018-10-18 00:00:00,276.3549,84.98,5.7457
2018-10-19 00:00:00,276.2605,84.92,5.7055
2018-10-22 00:00:00,275.081,84.9,5.7228
2018-10-23 00:00:00,273.5794,84.59,5.7138
2018-10-24 00:00:00,265.1425,84.65,5.7397
2018-10-25 00:00:00,270.075,84.49,5.7197
2018-10-26 00:00:00,265.4003,84.26,5.7215
2018-10-29 00:00:00,263.6634,84.29,5.6495
2018-10-30 00:00:00,267.8133,84.09,5.5908
2018-10-31 00:00:00,270.723,84.34,5.6037
2018-11-01 00:00:00,273.5849,84,5.6317
2018-11-02 00:00:00,271.8827,84.11,5.6711
2018-11-05 00:00:00,273.4097,84.18,5.7189
2018-11-06 00:00:00,275.1378,84.27,5.7256
2018-11-07 00:00:00,280.9649,84.56,5.7985
2018-11-08 00:00:00,280.4072,84.62,5.762
2018-11-09 00:00:00,277.8788,84.26,5.6898
2018-11-12 00:00:00,272.4257,84.3,5.6651
2018-11-13 00:00:00,272.032,83.91,5.6168
2018-11-14 00:00:00,270.0488,83.57,5.1307
2018-11-15 00:00:00,272.9887,83.21,4.8864
2018-11-16 00:00:00,273.6104,83.1,4.9327
2018-11-19 00:00:00,269.0808,83.03,4.5826
2018-11-20 00:00:00,264.2321,82.78,4.0324
2018-11-21 00:00:00,265.0546,83.04,3.9333
2018-11-23 00:00:00,263.3345,82.89,3.7849
2018-11-26 00:00:00,267.4394,83.12,3.4338
2018-11-27 00:00:00,268.3104,83,3.2862
2018-11-28 00:00:00,274.4655,83.26,3.6171
2018-11-29 00:00:00,273.93,83.44,3.7782
2018-11-30 00:00:00,276.2096,83.5,3.6268
2018-12-03 00:00:00,279.2178,83.5,3.4989
2018-12-04 00:00:00,270.2313,83.41,3.4705
2018-12-06 00:00:00,269.9052,82.83,3.2801
2018-12-07 00:00:00,263.6798,83.02,2.9941
2018-12-10 00:00:00,264.1431,82.83,3.0838
2018-12-11 00:00:00,264.0621,82.94,2.9974
2018-12-12 00:00:00,265.4884,83.2,3.0304
2018-12-13 00:00:00,265.4833,83.24,2.9918
2018-12-14 00:00:00,260.4712,83.13,2.8759
2018-12-17 00:00:00,255.1022,82.93,3.0159
2018-12-18 00:00:00,255.1392,82.16,3.124
2018-12-19 00:00:00,251.2549,81.95,3.3337
2018-12-20 00:00:00,247.3193,80.79,3.5161
2018-12-21 00:00:00,240.819,80.56,3.5544
2018-12-24 00:00:00,234.3132,80.33,3.6685
2018-12-26 00:00:00,245.9296,80.22,3.3588
2018-12-27 00:00:00,248.0556,80.37,3.3086
2018-12-28 00:00:00,247.7869,80.71,3.3334
2018-12-31 00:00:00,249.9203,80.9,3.3471
2019-01-02 00:00:00,250.2406,80.97,3.3918
2019-01-03 00:00:00,244.1121,81.07,3.4166
2019-01-04 00:00:00,252.4836,82.14,3.3636
2019-01-07 00:00:00,254.2518,82.77,3.5805
2019-01-08 00:00:00,256.7175,83.2,3.5747
2019-01-09 00:00:00,257.8493,83.61,3.565
2019-01-10 00:00:00,259.0112,83.54,3.3641
2019-01-11 00:00:00,258.9717,83.59,3.2338
2019-01-14 00:00:00,257.6426,83.46,3.2011
2019-01-15 00:00:00,260.4054,83.57,3.2345
2019-01-16 00:00:00,260.9901,83.87,3.2029
2019-01-17 00:00:00,262.9936,83.91,3.2027
2019-01-18 00:00:00,266.4624,84.2,3.2163
2019-01-22 00:00:00,262.7041,83.99,3.148
2019-01-23 00:00:00,263.2822,83.93,3.173
2019-01-24 00:00:00,263.6523,83.88,3.1593
2019-01-25 00:00:00,265.8946,84.1,3.1587
2019-01-28 00:00:00,263.8095,83.99,3.0566
2019-01-29 00:00:00,263.4284,84.1,3.0204
2019-01-30 00:00:00,267.5471,84.29,3.0403
2019-01-31 00:00:00,269.9007,84.71,3.0437
2019-02-01 00:00:00,270.1769,84.43,3.0343
2019-02-04 00:00:00,272.008,84.52,3.0314
2019-02-05 00:00:00,273.2901,84.84,3.0356
2019-02-06 00:00:00,272.7083,84.94,3.0029
2019-02-07 00:00:00,270.1998,84.62,2.9898
2019-02-08 00:00:00,270.4679,84.51,3.0968
2019-02-11 00:00:00,270.6611,84.57,3.201
2019-02-12 00:00:00,274.1609,84.88,3.1789
2019-02-13 00:00:00,275.0097,84.92,3.1828
2019-02-14 00:00:00,274.3765,84.92,3.1696
2019-02-15 00:00:00,277.3724,85.07,3.1722
2019-02-19 00:00:00,277.8064,85.13,3.466
2019-02-20 00:00:00,278.353,85.23,3.4717
2019-02-21 00:00:00,277.3967,85.23,3.4741
2019-02-22 00:00:00,279.1756,85.32,3.4802
2019-02-25 00:00:00,279.5568,85.47,3.3677
2019-02-26 00:00:00,279.3396,85.58,3.3725
2019-02-27 00:00:00,279.2313,85.68,3.3522
2019-02-28 00:00:00,278.5268,85.71,3.38
2019-03-01 00:00:00,280.4537,85.37,3.3823
2019-03-04 00:00:00,279.3751,85.35,3.3086
2019-03-05 00:00:00,279.0692,85.3,3.3495
2019-03-06 00:00:00,277.2673,85.18,3.4068
2019-03-07 00:00:00,275.0784,85.05,3.4254
2019-03-08 00:00:00,274.5181,84.81,3.4391
2019-03-11 00:00:00,278.5307,84.99,3.4257
2019-03-12 00:00:00,279.3625,85.19,3.4089
2019-03-13 00:00:00,281.3156,85.43,3.4179
2019-03-14 00:00:00,281.1667,85.49,3.4117
2019-03-15 00:00:00,281.3433,85.55,3.4358
2019-03-18 00:00:00,282.3888,85.6,3.5194
2019-03-19 00:00:00,282.364,85.69,3.5252
2019-03-20 00:00:00,281.5447,85.71,3.5387
2019-03-21 00:00:00,284.612,85.91,3.5474
2019-03-22 00:00:00,279.2313,85.79,3.5279
2019-03-25 00:00:00,279.0175,85.71,3.4934
2019-03-26 00:00:00,281.0201,85.84,3.4583
2019-03-27 00:00:00,279.7197,85.87,3.5305
2019-03-28 00:00:00,280.7661,85.91,3.5529
2019-03-29 00:00:00,282.6655,86.09,3.5931
2019-04-01 00:00:00,285.935,85.92,3.6478
2019-04-02 00:00:00,285.9503,85.95,4.1272
2019-04-03 00:00:00,286.5646,86.05,4.4185
2019-04-04 00:00:00,287.2272,86.06,4.4601
2019-04-05 00:00:00,288.5575,86.19,4.3908
2019-04-08 00:00:00,288.8646,86.27,4.6261
2019-04-09 00:00:00,287.2007,86.28,4.6287
2019-04-10 00:00:00,288.2212,86.33,4.685
2019-04-11 00:00:00,288.2348,86.49,4.5705
2019-04-12 00:00:00,290.1667,86.67,4.4569
2019-04-15 00:00:00,289.9913,86.68,4.5316
2019-04-16 00:00:00,290.1379,86.71,4.5046
2019-04-17 00:00:00,289.5091,86.63,4.6147
2019-04-18 00:00:00,289.9692,86.58,4.6539
2019-04-22 00:00:00,290.2697,86.57,4.7139
2019-04-23 00:00:00,292.8457,86.65,4.8849
2019-04-24 00:00:00,292.2053,86.71,4.8627
2019-04-25 00:00:00,292.0978,86.65,4.8166
2019-04-26 00:00:00,293.4701,86.68,4.5601
2019-04-29 00:00:00,293.7971,86.76,4.5545
2019-04-30 00:00:00,294.0821,86.79,4.5949
2019-05-01 00:00:00,291.8822,86.47,4.6848
2019-05-02 00:00:00,291.2734,86.31,4.7391
2019-05-03 00:00:00,294.1025,86.42,4.9778
2019-05-06 00:00:00,292.8141,86.34,5.0051
2019-05-07 00:00:00,287.9901,86.19,5.1675
2019-05-08 00:00:00,287.5363,86.19,5.1498
2019-05-09 00:00:00,286.7681,85.96,5.308
2019-05-10 00:00:00,287.9277,85.91,5.5344
2019-05-13 00:00:00,281.0077,85.54,6.6398
2019-05-14 00:00:00,283.2866,85.7,7.0486
2019-05-15 00:00:00,284.9945,85.62,7.0722
2019-05-16 00:00:00,287.6035,85.85,7.1148
2019-05-17 00:00:00,285.958,85.83,6.4188
2019-05-20 00:00:00,284.039,85.83,7.016
2019-05-21 00:00:00,286.4503,85.96,7.0306
2019-05-22 00:00:00,285.6464,85.92,7.0057
2019-05-23 00:00:00,282.2826,85.61,6.7931
2019-05-24 00:00:00,282.7024,85.72,7.0484
2019-05-28 00:00:00,280.3444,85.73,7.7062
2019-05-29 00:00:00,278.4219,85.41,7.6268
2019-05-30 00:00:00,279.0402,85.52,7.692
2019-05-31 00:00:00,275.4241,85.19,7.3361
2019-06-03 00:00:00,274.6658,84.78,7.5231
2019-06-04 00:00:00,280.5406,85.16,6.9838
2019-06-05 00:00:00,282.8518,85.32,6.805
2019-06-06 00:00:00,284.6563,85.44,6.8029
2019-06-07 00:00:00,287.6559,85.77,6.9873
2019-06-10 00:00:00,288.9908,86.05,6.8832
2019-06-11 00:00:00,288.9034,86.15,6.9601
2019-06-12 00:00:00,288.3205,86.04,7.1025
2019-06-13 00:00:00,289.584,86.08,7.2011
2019-06-14 00:00:00,289.1563,86.04,7.3459
2019-06-17 00:00:00,289.4251,86.07,8.106
2019-06-18 00:00:00,292.2322,86.37,8.107
2019-06-19 00:00:00,293.0991,86.48,8.0289
2019-06-20 00:00:00,295.8901,87.11,8.2168
2019-06-21 00:00:00,294.1022,87.07,8.5959
2019-06-24 00:00:00,293.5929,87.09,9.5787
2019-06-25 00:00:00,290.8051,86.89,9.904
2019-06-26 00:00:00,290.4483,86.86,11.134
2019-06-27 00:00:00,291.6019,86.85,10.4931
2019-06-28 00:00:00,293.2911,86.95,10.0169
2019-07-01 00:00:00,295.5453,86.79,9.375
2019-07-02 00:00:00,296.4197,86.76,8.9964
2019-07-03 00:00:00,298.7645,86.85,9.8846
2019-07-05 00:00:00,298.2541,86.8,9.8837
2019-07-08 00:00:00,296.8148,86.78,10.4013
2019-07-09 00:00:00,297.2726,86.66,10.9711
2019-07-10 00:00:00,298.615,86.78,11.17
2019-07-11 00:00:00,299.2985,86.75,10.2671
2019-07-12 00:00:00,300.7091,86.74,10.0523
2019-07-15 00:00:00,300.7601,86.79,9.0878
2019-07-16 00:00:00,299.7465,86.76,8.9808
2019-07-17 00:00:00,297.7964,86.68,8.3829
2019-07-18 00:00:00,298.8922,86.5,8.8207
2019-07-19 00:00:00,297.0589,86.51,9.2222
2019-07-22 00:00:00,297.9054,86.57,9.1453
2019-07-23 00:00:00,299.9487,86.71,8.8677
2019-07-24 00:00:00,301.3659,86.83,8.5832
2019-07-25 00:00:00,299.7844,86.87,8.7849
2019-07-26 00:00:00,301.9969,86.97,8.6096
2019-07-29 00:00:00,301.5091,86.98,8.3423
2019-07-30 00:00:00,300.7619,86.94,8.4141
2019-07-31 00:00:00,297.4966,87.03,8.6645
2019-08-01 00:00:00,294.8507,86.49,8.8517
2019-08-02 00:00:00,292.7302,86.29,9.2072
2019-08-05 00:00:00,284.0385,85.6,10.1614
2019-08-06 00:00:00,287.7527,85.81,10.4166
2019-08-07 00:00:00,287.9802,85.53,10.26
2019-08-08 00:00:00,293.4492,86.02,10.3947
2019-08-09 00:00:00,291.5559,86.02,10.3882
2019-08-12 00:00:00,288.1257,85.98,10.028
2019-08-13 00:00:00,292.3811,86.17,9.74
2019-08-14 00:00:00,283.9176,85.74,9.2097
2019-08-15 00:00:00,284.6692,85.72,8.7297
2019-08-16 00:00:00,288.8096,85.88,8.9391
2019-08-19 00:00:00,292.3117,86.16,9.3298
2019-08-20 00:00:00,290.0255,86.27,9.4602
2019-08-21 00:00:00,292.4216,86.57,8.9864
2019-08-22 00:00:00,292.2815,86.69,8.7939
2019-08-23 00:00:00,284.721,86.6,9.0068
2019-08-26 00:00:00,287.8731,86.67,9.1007
2019-08-27 00:00:00,286.954,86.77,8.9501
2019-08-28 00:00:00,288.8362,86.84,8.7423
2019-08-29 00:00:00,292.5371,87,8.3702
2019-08-30 00:00:00,292.7613,87.04,8.3639
2019-09-03 00:00:00,290.7681,86.52,9.2284
2019-09-04 00:00:00,293.9333,86.64,9.2727
2019-09-05 00:00:00,297.8108,86.76,9.3053
2019-09-06 00:00:00,298.0902,86.85,9.374
2019-09-09 00:00:00,298.0855,86.96,9.0398
2019-09-10 00:00:00,298.1972,87.05,8.9458
2019-09-11 00:00:00,300.3585,87.02,8.8218
2019-09-12 00:00:00,301.2655,87.07,8.9651
2019-09-13 00:00:00,301.1294,86.97,9.0683
2019-09-16 00:00:00,300.1968,87.18,8.974
2019-09-17 00:00:00,300.9688,87.17,8.9678
2019-09-18 00:00:00,301.0729,87.14,8.9469
2019-09-19 00:00:00,301.0958,87.22,8.7049
2019-09-20 00:00:00,298.2571,87.21,8.9456
2019-09-23 00:00:00,298.2284,87.23,8.676
2019-09-24 00:00:00,295.7402,87.16,7.8909
2019-09-25 00:00:00,297.5623,87.02,7.4275
2019-09-26 00:00:00,296.8559,86.98,7.1747
2019-09-27 00:00:00,295.3192,86.9,7.0344
2019-09-30 00:00:00,296.8233,86.89,7.072
2019-10-01 00:00:00,293.1956,86.47,7.3336
2019-10-02 00:00:00,287.9446,86.08,7.2505
2019-10-03 00:00:00,290.3112,86.03,7.2124
2019-10-04 00:00:00,294.4368,86.17,7.1477
2019-10-07 00:00:00,293.1191,86.24,7.0487
2019-10-08 00:00:00,288.5658,86.11,7.2065
2019-10-09 00:00:00,291.2833,86.21,7.3679
2019-10-10 00:00:00,293.1569,86.26,7.4997
2019-10-11 00:00:00,296.3878,86.46,7.4275
2019-10-14 00:00:00,295.9764,86.5,
2019-10-15 00:00:00,298.9216,86.67,7.2299
2019-10-16 00:00:00,298.3436,86.75,7.0415
2019-10-17 00:00:00,299.1889,86.83,7.0399
2019-10-18 00:00:00,298.0215,86.83,6.9622
2019-10-21 00:00:00,300.0766,86.92,7.21
2019-10-22 00:00:00,299.0152,86.94,7.2013
2019-10-23 00:00:00,299.8755,86.99,6.7095
2019-10-24 00:00:00,300.451,87.03,6.5221
2019-10-25 00:00:00,301.6777,87.13,7.1464
2019-10-28 00:00:00,303.3599,87.18,8.371
2019-10-29 00:00:00,303.1097,87.15,8.1891
2019-10-30 00:00:00,304.1188,87.03,8.075
2019-10-31 00:00:00,303.2196,86.83,8.0437
2019-11-01 00:00:00,306.171,86.64,8.0108
2019-11-04 00:00:00,307.3074,86.87,8.1566
2019-11-05 00:00:00,306.9453,86.86,8.1834
2019-11-06 00:00:00,307.1823,86.75,8.1683
2019-11-07 00:00:00,308.1644,86.78,8.0899
2019-11-08 00:00:00,309.0063,86.75,7.8159
2019-11-11 00:00:00,308.3993,86.79,
2019-11-12 00:00:00,308.8971,86.8,7.6253
2019-11-13 00:00:00,309.1263,86.69,7.6559
2019-11-14 00:00:00,309.4622,86.65,7.5701
2019-11-15 00:00:00,311.8908,86.7,7.4724
2019-11-18 00:00:00,312.0514,86.67,7.2668
2019-11-19 00:00:00,311.8851,86.51,7.0893
2019-11-20 00:00:00,310.7763,86.4,7.0883
2019-11-21 00:00:00,310.3076,86.36,6.7508
2019-11-22 00:00:00,310.9815,86.4,6.3069
2019-11-25 00:00:00,313.3455,86.58,6.0511
2019-11-26 00:00:00,314.0381,86.72,6.2497
2019-11-27 00:00:00,315.3809,86.81,6.3678
2019-11-29 00:00:00,314.1871,86.81,6.6613
2019-12-02 00:00:00,311.4941,86.4,6.3857
2019-12-03 00:00:00,309.4424,86.3,6.403
2019-12-04 00:00:00,311.4237,86.52,6.4382
2019-12-05 00:00:00,311.9748,86.6,6.3807
2019-12-06 00:00:00,314.8278,86.8,6.4838
2019-12-09 00:00:00,313.862,86.88,6.5265
2019-12-10 00:00:00,313.5287,86.98,6.3706
2019-12-11 00:00:00,314.4402,87.08,6.294
2019-12-12 00:00:00,317.1707,87.3,6.2732
2019-12-13 00:00:00,317.246,87.45,6.3133
2019-12-16 00:00:00,319.5127,87.61,6.0981
2019-12-17 00:00:00,319.6165,87.78,5.9046
2019-12-18 00:00:00,319.5047,87.96,5.9029
2019-12-19 00:00:00,320.9433,87.67,6.2757
2019-12-20 00:00:00,320.9686,87.72,6.242
2019-12-23 00:00:00,321.2451,87.75,6.5722
2019-12-24 00:00:00,321.2038,87.77,6.3723
2019-12-26 00:00:00,322.8807,87.82,6.3394
2019-12-27 00:00:00,322.8934,87.84,6.2645
2019-12-30 00:00:00,321.0675,87.84,6.3653
2019-12-31 00:00:00,322.0369,87.83,6.2823
2020-01-02 00:00:00,324.7751,87.96,6.1456
2020-01-03 00:00:00,322.5117,87.98,6.2872
2020-01-06 00:00:00,323.6511,88.01,6.5401
2020-01-07 00:00:00,322.7752,88.04,6.8742
2020-01-08 00:00:00,324.3669,88.04,7.1618
2020-01-09 00:00:00,326.6112,88.07,6.9142
2020-01-10 00:00:00,325.6762,88.12,6.8905
2020-01-13 00:00:00,327.9469,88.19,7.0633
2020-01-14 00:00:00,327.4806,88.24,7.4596
2020-01-15 00:00:00,328.0963,88.29,7.6349
2020-01-16 00:00:00,330.8505,88.33,7.5776
2020-01-17 00:00:00,332.1315,88.32,7.7261
2020-01-21 00:00:00,331.254,88.29,7.514
2020-01-22 00:00:00,331.3609,88.24,7.5606
2020-01-23 00:00:00,331.7618,88.05,7.3457
2020-01-24 00:00:00,328.7685,87.81,7.2987
2020-01-27 00:00:00,323.5983,87.29,7.6125
2020-01-28 00:00:00,326.8561,87.7,7.8633
2020-01-29 00:00:00,326.579,87.78,8.1112
2020-01-30 00:00:00,327.6495,87.55,8.1573
2020-01-31 00:00:00,321.8781,87.51,8.1423
2020-02-03 00:00:00,324.2126,87.26,8.1571
2020-02-04 00:00:00,329.0649,87.48,8.0129
2020-02-05 00:00:00,332.7713,87.67,8.2284
2020-02-06 00:00:00,333.9311,87.83,8.4411
2020-02-07 00:00:00,332.1915,87.8,8.5096
2020-02-10 00:00:00,334.6715,87.79,8.6558
2020-02-11 00:00:00,335.2478,88.06,8.7211
2020-02-12 00:00:00,337.4213,88.19,8.9957
2020-02-13 00:00:00,336.9778,88.22,8.9615
2020-02-14 00:00:00,337.6475,88.2,8.9173
2020-02-18 00:00:00,336.6833,88.19,8.5661
2020-02-19 00:00:00,338.3227,88.28,8.8418
2020-02-20 00:00:00,337.0501,88.28,8.3553
2020-02-21 00:00:00,333.5216,88.22,8.4217
2020-02-24 00:00:00,322.4101,87.52,8.4725
2020-02-25 00:00:00,312.6789,87.27,8.24
2020-02-26 00:00:00,311.5028,87.09,7.8374
2020-02-27 00:00:00,297.8465,86.27,7.6373
2020-02-28 00:00:00,295.4477,85.68,7.5366
2020-03-02 00:00:00,309.0087,85.82,7.5823
2020-03-03 00:00:00,300.3569,86.29,7.6518
2020-03-04 00:00:00,313.0057,86.79,7.6156
2020-03-05 00:00:00,302.4841,86.21,7.8208
2020-03-06 00:00:00,297.3516,84.88,7.9037
2020-03-09 00:00:00,274.8735,81.84,6.8724
2020-03-10 00:00:00,288.4034,82.4,6.8941
2020-03-11 00:00:00,274.3824,81.32,6.8091
2020-03-12 00:00:00,248.443,78.4,5.608
2020-03-13 00:00:00,271.4865,78.97,4.496
2020-03-16 00:00:00,239.1169,75.83,4.3876
2020-03-17 00:00:00,253.3823,75.42,4.5346
2020-03-18 00:00:00,240.3171,72.72,4.595
2020-03-19 00:00:00,241.4612,70.75,5.0516
2020-03-20 00:00:00,229.6832,70.65,5.6106
2020-03-23 00:00:00,222.9542,68.92,5.3051
2020-03-24 00:00:00,243.9018,69.78,5.7341
2020-03-25 00:00:00,246.7176,71.63,5.8097
2020-03-26 00:00:00,262.1294,74.41,5.7791
2020-03-27 00:00:00,253.294,75.45,5.8241
2020-03-30 00:00:00,261.8251,76.23,5.3713
2020-03-31 00:00:00,257.6583,76.72,5.6136
2020-04-01 00:00:00,246.2868,75.22,5.4645
2020-04-02 00:00:00,251.9486,74.92,5.8753
2020-04-03 00:00:00,248.1678,74.2,5.923
2020-04-06 00:00:00,265.6135,74.62,6.1288
2020-04-07 00:00:00,265.1901,75.64,6.3726
2020-04-08 00:00:00,274.2801,75.97,6.3042
2020-04-09 00:00:00,278.2812,78.75,6.3337
2020-04-10 00:00:00,,,6.0566
2020-04-13 00:00:00,275.4775,79.4,5.8803
2020-04-14 00:00:00,283.9237,80.21,5.9674
2020-04-15 00:00:00,277.6924,79.88,5.9033
2020-04-16 00:00:00,279.3068,79.95,5.953
2020-04-17 00:00:00,286.7916,80.44,6.1432
2020-04-20 00:00:00,281.6688,80.02,6.0871
2020-04-21 00:00:00,273.0452,78.8,5.9467
2020-04-22 00:00:00,279.306,78.82,6.0792
2020-04-23 00:00:00,279.1781,78.75,6.3959
2020-04-24 00:00:00,283.0638,78.33,6.5213
2020-04-27 00:00:00,287.2268,78.26,6.676
2020-04-28 00:00:00,285.7218,78.37,6.6991
2020-04-29 00:00:00,293.3147,78.72,7.2068
2020-04-30 00:00:00,290.6273,78.99,7.7315
2020-05-01 00:00:00,282.5141,78.37,7.6206
2020-05-04 00:00:00,283.7142,78.24,7.5929
2020-05-05 00:00:00,286.2762,78.67,7.7387
2020-05-06 00:00:00,284.3044,78.74,7.946
2020-05-07 00:00:00,287.6699,78.99,8.2496
2020-05-08 00:00:00,292.5659,79.16,8.594
2020-05-11 00:00:00,292.6203,79.16,7.5319
2020-05-12 00:00:00,286.6685,79.51,7.5794
2020-05-13 00:00:00,281.6939,79.01,7.7929
2020-05-14 00:00:00,284.9929,78.53,8.2688
2020-05-15 00:00:00,286.1365,78.48,8.2853
2020-05-18 00:00:00,295.1611,79.4,8.4235
2020-05-19 00:00:00,292.0999,79.6,8.3771
2020-05-20 00:00:00,297.0052,80.2,8.3241
2020-05-21 00:00:00,294.7206,80.46,7.9505
2020-05-22 00:00:00,295.46,80.54,7.8865
2020-05-26 00:00:00,299.0824,81.33,7.6623
2020-05-27 00:00:00,303.5093,81.59,7.825
2020-05-28 00:00:00,302.907,81.89,8.0644
2020-05-29 00:00:00,304.4057,81.79,8.1958
2020-06-01 00:00:00,305.5562,81.72,8.2399
2020-06-02 00:00:00,308.0657,82.35,8.549
2020-06-03 00:00:00,312.286,83.13,8.2496
2020-06-04 00:00:00,311.3019,83.16,8.3796
2020-06-05 00:00:00,319.432,83.96,8.424
2020-06-08 00:00:00,323.2636,84.02,8.4133
2020-06-09 00:00:00,320.7763,83.57,8.4007
2020-06-10 00:00:00,319.0825,83.28,8.4859
2020-06-11 00:00:00,300.3797,81.92,8.2778
2020-06-12 00:00:00,304.3712,82.19,8.1112
2020-06-15 00:00:00,306.9014,82.17,7.9485
2020-06-16 00:00:00,312.7011,83.26,8.2019
2020-06-17 00:00:00,311.5808,83.18,8.1659
2020-06-18 00:00:00,311.7752,82.83,8.1215
2020-06-19 00:00:00,308.7125,82.8,8.0667
2020-06-22 00:00:00,310.7135,82.73,8.1832
2020-06-23 00:00:00,312.0534,82.74,8.3451
2020-06-24 00:00:00,303.9878,82.2,8.131
2020-06-25 00:00:00,307.3334,81.91,7.9444
2020-06-26 00:00:00,299.8865,81.64,7.9221
2020-06-29 00:00:00,304.3264,81.28,7.8599
2020-06-30 00:00:00,309.0392,81.29,7.9091
2020-07-01 00:00:00,310.5984,81.24,7.9407
2020-07-02 00:00:00,312.0738,81.68,7.8793
2020-07-03 00:00:00,,,7.8546
2020-07-06 00:00:00,317.0333,82.12,7.9451
2020-07-07 00:00:00,313.6051,82.15,8.0143
2020-07-08 00:00:00,316.0645,82.09,8.0604
2020-07-09 00:00:00,314.3695,81.98,8.0493
2020-07-10 00:00:00,317.6586,81.93,7.9333
2020-07-13 00:00:00,314.6859,82.22,8.0121
2020-07-14 00:00:00,318.9407,82.17,7.9497
2020-07-15 00:00:00,321.8413,82.64,7.9605
2020-07-16 00:00:00,320.7555,82.79,7.8761
2020-07-17 00:00:00,321.6799,82.91,7.8768
2020-07-20 00:00:00,324.3834,83.3,7.9209
2020-07-21 00:00:00,324.9315,83.86,8.0385
2020-07-22 00:00:00,326.8036,84.09,8.0687
2020-07-23 00:00:00,322.8046,84.17,8.2226
2020-07-24 00:00:00,320.811,84.16,8.2449
2020-07-27 00:00:00,323.1825,84.27,8.9872
2020-07-28 00:00:00,321.0942,84.26,9.5046
2020-07-29 00:00:00,325.0802,84.51,9.5703
2020-07-30 00:00:00,323.9229,84.65,9.5312
2020-07-31 00:00:00,326.4373,84.78,9.6643
2020-08-03 00:00:00,328.7865,84.64,9.697
2020-08-04 00:00:00,329.9676,84.62,9.6805
2020-08-05 00:00:00,332.0871,84.83,9.8916
2020-08-06 00:00:00,334.2567,84.82,10.1221
2020-08-07 00:00:00,334.5358,84.83,10.0538
2020-08-10 00:00:00,335.4558,84.82,10.2415
2020-08-11 00:00:00,332.7891,84.88,10.0311
2020-08-12 00:00:00,337.4876,84.74,9.8242
2020-08-13 00:00:00,336.8798,84.52,9.9173
2020-08-14 00:00:00,336.8447,84.28,10.1151
2020-08-17 00:00:00,337.7626,84.24,10.4425
2020-08-18 00:00:00,338.5905,84.29,10.4647
2020-08-19 00:00:00,337.159,84.32,10.1831
2020-08-20 00:00:00,338.2314,84.29,10.1455
2020-08-21 00:00:00,339.4117,84.31,10.1249
2020-08-24 00:00:00,342.8531,84.52,10.1036
2020-08-25 00:00:00,344.0864,84.76,9.8656
2020-08-26 00:00:00,347.5895,84.83,9.8024
2020-08-27 00:00:00,348.1915,84.93,9.7744
2020-08-28 00:00:00,350.5613,85,9.8356
2020-08-31 00:00:00,349.8327,85.04,10.0649
2020-09-01 00:00:00,352.4656,84.77,10.2038
2020-09-02 00:00:00,357.9027,84.92,9.9314
2020-09-03 00:00:00,345.4307,84.79,9.4106
2020-09-04 00:00:00,342.6262,84.53,8.8948
2020-09-08 00:00:00,333.1583,84.22,8.7203
2020-09-09 00:00:00,339.8663,84.37,8.7193
2020-09-10 00:00:00,333.9251,84.39,8.8939
2020-09-11 00:00:00,334.1166,84.33,8.8565
2020-09-14 00:00:00,338.464,84.37,9.039
2020-09-15 00:00:00,340.2283,84.44,9.2648
2020-09-16 00:00:00,338.674,84.57,9.3812
2020-09-17 00:00:00,335.8397,84.47,9.3668
2020-09-18 00:00:00,330.7617,84.42,9.3927
2020-09-21 00:00:00,326.9464,83.82,9.1204
2020-09-22 00:00:00,330.3843,83.65,8.9976
2020-09-23 00:00:00,322.5672,83.48,8.9825
2020-09-24 00:00:00,323.5459,83,8.9519
2020-09-25 00:00:00,328.7221,82.98,9.1666
2020-09-28 00:00:00,334.0188,83.33,9.3484
2020-09-29 00:00:00,332.4514,83.4,9.2252
2020-09-30 00:00:00,335.2067,83.67,9.2378
2020-10-01 00:00:00,337.0141,83.48,9.1956
2020-10-02 00:00:00,333.7889,83.4,9.0387
2020-10-05 00:00:00,339.8239,83.79,9.1941
2020-10-06 00:00:00,335.0824,84.14,9.1829
2020-10-07 00:00:00,340.9194,84.21,9.1139
2020-10-08 00:00:00,343.7509,84.41,9.2501
2020-10-09 00:00:00,346.7761,84.5,9.4474
2020-10-12 00:00:00,352.466,84.54,
2020-10-13 00:00:00,350.2436,84.68,9.854
2020-10-14 00:00:00,347.9578,84.64,9.799
2020-10-15 00:00:00,347.4342,84.35,9.7857
2020-10-16 00:00:00,347.4837,84.5,9.7682
2020-10-19 00:00:00,341.8112,84.57,9.976
2020-10-20 00:00:00,343.4309,84.6,10.1856
2020-10-21 00:00:00,342.6839,84.57,10.694
2020-10-22 00:00:00,344.4991,84.54,11.0977
2020-10-23 00:00:00,345.6894,84.57,11.126
2020-10-26 00:00:00,339.2697,84.29,11.1943
2020-10-27 00:00:00,338.2487,84.19,11.5055
2020-10-28 00:00:00,326.3215,83.57,11.5074
2020-10-29 00:00:00,330.2444,83.59,11.4276
2020-10-30 00:00:00,326.2748,83.54,11.4959
2020-11-02 00:00:00,330.2912,83.36,11.6342
2020-11-03 00:00:00,336.1647,83.73,11.6616
2020-11-04 00:00:00,343.5719,84.58,11.933
2020-11-05 00:00:00,350.3157,85.12,12.6686
2020-11-06 00:00:00,350.2561,85.03,13.3515
2020-11-09 00:00:00,354.3819,86.05,13.1699
2020-11-10 00:00:00,353.944,85.76,13.132
2020-11-11 00:00:00,356.6461,85.77,
2020-11-12 00:00:00,353.1661,85.3,13.6374
2020-11-13 00:00:00,357.9941,85.29,13.9489
2020-11-16 00:00:00,362.1594,85.57,14.0552
2020-11-17 00:00:00,360.4789,85.65,14.7784
2020-11-18 00:00:00,356.3935,85.8,15.3054
2020-11-19 00:00:00,357.8189,85.73,15.2824
2020-11-20 00:00:00,355.3945,85.72,15.7146
2020-11-23 00:00:00,357.4317,85.85,15.8022
2020-11-24 00:00:00,363.1993,86.2,16.1957
2020-11-25 00:00:00,362.6353,86.18,16.3562
2020-11-27 00:00:00,363.5361,86.18,14.5159
2020-11-30 00:00:00,361.9255,86.23,16.3418
2020-12-01 00:00:00,366.005,86.08,16.4161
2020-12-02 00:00:00,366.6927,86.19,16.1884
2020-12-03 00:00:00,366.5295,86.42,16.5141
2020-12-04 00:00:00,369.778,86.6,16.3887
2020-12-07 00:00:00,369.0624,86.67,16.4325
2020-12-08 00:00:00,370.0936,86.68,16.2087
2020-12-09 00:00:00,367.1787,86.62,15.6144
2020-12-10 00:00:00,366.7345,86.61,15.6601
2020-12-11 00:00:00,366.2784,86.57,15.3508
2020-12-14 00:00:00,364.7514,86.65,16.3933
2020-12-15 00:00:00,369.4515,86.69,16.5531
2020-12-16 00:00:00,370.1048,86.72,17.2921
2020-12-17 00:00:00,372.2449,86.42,19.3512
2020-12-18 00:00:00,369.3867,86.47,19.54
2020-12-21 00:00:00,367.9516,86.23,19.7949
2020-12-22 00:00:00,367.2126,86.32,19.7379
2020-12-23 00:00:00,367.4922,86.41,20.1476
2020-12-24 00:00:00,368.8278,86.44,19.8018
2020-12-28 00:00:00,372.0449,86.78,22.9618
2020-12-29 00:00:00,371.2154,86.83,22.7658
2020-12-30 00:00:00,371.7533,86.89,23.9546
2020-12-31 00:00:00,374.1758,86.88,24.6179
2021-01-04 00:00:00,368.6701,86.88,26.9737
2021-01-05 00:00:00,371.3264,86.89,27.4387
2021-01-06 00:00:00,373.4527,86.98,29.7
2021-01-07 00:00:00,379.0769,87.05,32.434
2021-01-08 00:00:00,381.2037,87.09,34.0268
2021-01-11 00:00:00,378.7043,86.98,29.1073
2021-01-12 00:00:00,378.8609,86.87,29.6794
2021-01-13 00:00:00,379.7288,87.01,29.2832
2021-01-14 00:00:00,378.3462,87.15,32.7759
2021-01-15 00:00:00,375.6289,87.17,31.7373
2021-01-19 00:00:00,378.6973,87.26,31.5207
2021-01-20 00:00:00,383.9717,87.37,29.9353
2021-01-21 00:00:00,384.1242,87.36,27.9612
2021-01-22 00:00:00,382.9692,87.24,26.6144
2021-01-25 00:00:00,384.3523,87.24,28.5876
2021-01-26 00:00:00,383.7817,87.26,27.3087
2021-01-27 00:00:00,373.9327,87.06,26.3681
2021-01-28 00:00:00,377.617,87.19,26.9491
2021-01-29 00:00:00,370.376,87.06,30.1581
2021-02-01 00:00:00,376.3152,86.83,28.7189
2021-02-02 00:00:00,381.5445,87.01,29.5889
2021-02-03 00:00:00,381.928,87.16,31.1341
2021-02-04 00:00:00,386.1068,87.28,31.9968
2021-02-05 00:00:00,387.6479,87.41,32.1036
2021-02-08 00:00:00,390.5205,87.53,35.9901
2021-02-09 00:00:00,390.1523,87.56,39.5611
2021-02-10 00:00:00,390.0273,87.59,39.0435
2021-02-11 00:00:00,390.7526,87.58,39.6779
2021-02-12 00:00:00,392.6062,87.57,40.5531
2021-02-16 00:00:00,392.4309,87.58,41.7019
2021-02-17 00:00:00,392.3691,87.53,43.1826
2021-02-18 00:00:00,390.6548,87.46,44.2805
2021-02-19 00:00:00,389.9495,87.47,45.4959
2021-02-22 00:00:00,386.9715,87.39,45.8068
2021-02-23 00:00:00,387.4628,87.32,41.5375
2021-02-24 00:00:00,391.8563,87.34,42.2505
2021-02-25 00:00:00,382.3369,86.94,42.6819
2021-02-26 00:00:00,380.5633,86.79,39.9425
2021-03-01 00:00:00,389.6067,86.84,40.5024
2021-03-02 00:00:00,386.4661,86.86,41.5109
2021-03-03 00:00:00,381.4475,86.76,43.0657
2021-03-04 00:00:00,376.4075,86.51,42.1472
2021-03-05 00:00:00,383.7419,86.39,40.606
2021-03-08 00:00:00,381.6958,86.21,43.2077
2021-03-09 00:00:00,387.1182,86.18,45.6807
2021-03-10 00:00:00,389.4668,86.24,47.1946
2021-03-11 00:00:00,393.529,86.57,47.8944
2021-03-12 00:00:00,394.0223,86.36,48.4228
2021-03-15 00:00:00,396.5889,86.36,48.9347
2021-03-16 00:00:00,395.9791,86.34,46.9209
2021-03-17 00:00:00,397.1177,86.26,47.7026
2021-03-18 00:00:00,391.2929,85.92,49.9231
2021-03-19 00:00:00,389.8175,85.97,49.4477
2021-03-22 00:00:00,392.5562,86.26,48.5699
2021-03-23 00:00:00,389.5594,86.33,46.5532
2021-03-24 00:00:00,387.4524,86.52,47.2642
2021-03-25 00:00:00,389.4951,86.48,44.37
2021-03-26 00:00:00,395.9743,86.56,45.0673
2021-03-29 00:00:00,395.631,86.61,48.5006
2021-03-30 00:00:00,394.4203,86.59,49.6016
2021-03-31 00:00:00,395.8787,86.8,49.9468
2021-04-01 00:00:00,400.5562,86.68,50.0454
2021-04-02 00:00:00,,,50.4895
2021-04-05 00:00:00,406.3935,86.86,49.527
2021-04-06 00:00:00,406.0147,87.02,49.7082
2021-04-07 00:00:00,406.6209,87.08,48.35
2021-04-08 00:00:00,408.4294,87.14,48.4733
2021-04-09 00:00:00,411.583,87.09,49.4968
2021-04-12 00:00:00,411.5081,87,51.0868
2021-04-13 00:00:00,412.8618,86.95,52.6908
2021-04-14 00:00:00,411.2234,87.02,53.871
2021-04-15 00:00:00,415.7911,87.21,53.3905
2021-04-16 00:00:00,417.2869,87.26,52.5554
2021-04-19 00:00:00,415.0733,87.18,47.7325
2021-04-20 00:00:00,412.2642,87.02,47.0268
2021-04-21 00:00:00,416.097,87.08,47.395
2021-04-22 00:00:00,412.3004,87.12,45.8677
2021-04-23 00:00:00,416.8122,87.22,42.5267
2021-04-26 00:00:00,417.5528,87.28,43.8394
2021-04-27 00:00:00,417.4653,87.28,46.244
2021-04-28 00:00:00,417.1152,87.3,46.5933
2021-04-29 00:00:00,419.9555,87.34,45.9328
2021-04-30 00:00:00,416.9687,87.34,46.847
2021-05-03 00:00:00,418.1124,87.15,49.1492
2021-05-04 00:00:00,415.3218,87.05,47.1395
2021-05-05 00:00:00,415.615,87.15,47.3647
2021-05-06 00:00:00,419.0713,87.17,48.389
2021-05-07 00:00:00,422.225,87.26,48.2839
2021-05-10 00:00:00,417.8323,87.27,49.0982
2021-05-11 00:00:00,414.2182,87.01,47.1925
2021-05-12 00:00:00,405.4004,86.82,47.5034
2021-05-13 00:00:00,410.3967,86.88,42.4825
2021-05-14 00:00:00,416.5387,86.98,42.6207
2021-05-17 00:00:00,415.4858,86.96,37.612
2021-05-18 00:00:00,412.0018,86.96,37.3229
2021-05-19 00:00:00,410.8489,86.73,32.3231
2021-05-20 00:00:00,415.2129,86.81,33.2761
2021-05-21 00:00:00,414.9015,86.88,33.1116
2021-05-24 00:00:00,419.0455,86.97,30.9998
2021-05-25 00:00:00,418.1618,87.04,32.4254
2021-05-26 00:00:00,418.9486,87.07,33.1467
2021-05-27 00:00:00,419.4716,87.13,32.9911
2021-05-28 00:00:00,419.841,87.19,31.1808
2021-06-01 00:00:00,419.6469,87.01,31.1373
2021-06-02 00:00:00,420.2947,87.1,31.5898
2021-06-03 00:00:00,418.8408,87.07,32.5971
2021-06-04 00:00:00,422.5323,87.15,31.5568
2021-06-07 00:00:00,422.2051,87.18,30.5744
2021-06-08 00:00:00,422.2865,87.27,27.8627
2021-06-09 00:00:00,421.5333,87.4014,29.3518
2021-06-10 00:00:00,423.5094,87.4348,31.4656
2021-06-11 00:00:00,424.3391,87.4931,31.2655
2021-06-14 00:00:00,425.2109,87.5176,33.5569
2021-06-15 00:00:00,424.3719,87.5095,34.1468
2021-06-16 00:00:00,422.0996,87.446,33.3573
2021-06-17 00:00:00,421.9262,87.4002,32.6841
2021-06-18 00:00:00,415.0475,87.3385,31.3499
2021-06-21 00:00:00,420.8772,87.44,28.1284
2021-06-22 00:00:00,423.0332,87.4536,26.487
2021-06-23 00:00:00,422.5742,87.5187,28.4738
2021-06-24 00:00:00,425.0661,87.6002,28.5615
2021-06-25 00:00:00,426.4863,87.6755,28.2286
2021-06-28 00:00:00,427.4726,87.7529,29.0991
2021-06-29 00:00:00,427.6282,87.8093,30.1061
2021-06-30 00:00:00,428.2072,87.9066,29.6704
2021-07-01 00:00:00,430.471,87.7047,28.6392
2021-07-02 00:00:00,433.7497,87.7639,28.2172
2021-07-06 00:00:00,432.8915,87.8349,28.9199
2021-07-07 00:00:00,434.3457,87.9223,29.2434
2021-07-08 00:00:00,430.7115,87.7872,27.9902
2021-07-09 00:00:00,435.5687,87.8382,27.9735
2021-07-12 00:00:00,437.0687,87.8817,28.6002
2021-07-13 00:00:00,435.5335,87.8339,27.7557
2021-07-14 00:00:00,436.0926,87.792,27.4146
2021-07-15 00:00:00,434.6801,87.6933,27.0963
2021-07-16 00:00:00,431.4028,87.6564,26.8882
2021-07-19 00:00:00,424.5685,87.1667,26.2579
2021-07-20 00:00:00,431.0121,87.4045,25.2718
2021-07-21 00:00:00,434.5604,87.6195,26.3805
2021-07-22 00:00:00,435.4682,87.6832,27.143
2021-07-23 00:00:00,439.8997,87.741,27.421
2021-07-26 00:00:00,440.9502,87.7641,32.2748
2021-07-27 00:00:00,438.8747,87.656,31.8225
2021-07-28 00:00:00,438.7937,87.6621,33.5723
2021-07-29 00:00:00,440.6889,87.7274,33.7161
2021-07-30 00:00:00,438.3417,87.7288,33.254
2021-08-02 00:00:00,437.5338,87.4739,33.6568
2021-08-03 00:00:00,441.1207,87.3406,32.5424
2021-08-04 00:00:00,439.0835,87.2554,32.6295
2021-08-05 00:00:00,441.7465,87.2908,33.2782
2021-08-06 00:00:00,442.5336,87.2828,35.0382
2021-08-09 00:00:00,442.1535,87.2026,37.7386
2021-08-10 00:00:00,442.5893,87.1306,38.5406
2021-08-11 00:00:00,443.6968,87.0547,38.9143
2021-08-12 00:00:00,445.1207,87.0975,38.0574
2021-08-13 00:00:00,445.8502,87.161,38.5426
2021-08-16 00:00:00,447.029,87.1623,39.6941
2021-08-17 00:00:00,443.9059,87.1117,38.9077
2021-08-18 00:00:00,439.2254,87.1665,38.0918
2021-08-19 00:00:00,439.8055,87.0389,38.1386
2021-08-20 00:00:00,443.3969,87.1142,40.1964
2021-08-23 00:00:00,447.2076,87.3079,42.0655
2021-08-24 00:00:00,447.8748,87.4541,41.2052
2021-08-25 00:00:00,448.8719,87.537,40.6175
2021-08-26 00:00:00,446.2782,87.5533,40.0262
2021-08-27 00:00:00,450.211,87.7422,40.0705
2021-08-30 00:00:00,452.1747,87.9132,40.6736
2021-08-31 00:00:00,451.6155,87.9629,40.0741
2021-09-01 00:00:00,451.7854,87.7375,40.2008
2021-09-02 00:00:00,453.1357,87.8304,41.8281
2021-09-03 00:00:00,452.9923,87.8353,42.1678
2021-09-07 00:00:00,451.4708,87.7678,41.3346
2021-09-08 00:00:00,450.8912,87.7694,39.0238
2021-09-09 00:00:00,448.856,87.8392,39.1828
2021-09-10 00:00:00,445.4166,87.9035,38.7756
2021-09-13 00:00:00,446.431,87.9579,37.8911
2021-09-14 00:00:00,443.9875,87.9336,38.7937
2021-09-15 00:00:00,447.7494,88.0134,40.0361
2021-09-16 00:00:00,447.0696,87.9658,40.3989
2021-09-17 00:00:00,441.5786,87.9367,40.0785
2021-09-20 00:00:00,434.0816,87.6058,37.5437
2021-09-21 00:00:00,433.7482,87.7672,35.8394
2021-09-22 00:00:00,437.8762,87.8961,35.4296
2021-09-23 00:00:00,443.2071,87.8809,37.0562
2021-09-24 00:00:00,443.857,87.783,36.0695
2021-09-27 00:00:00,442.6336,87.7269,36.7066
2021-09-28 00:00:00,433.6426,87.4702,35.4296
2021-09-29 00:00:00,434.3657,87.5723,35.2296
2021-09-30 00:00:00,429.2201,87.5065,36.1722
2021-10-01 00:00:00,434.1508,87.2386,38.9455
2021-10-04 00:00:00,428.5389,87.1412,40.6065
2021-10-05 00:00:00,433.0975,87.1328,42.014
2021-10-06 00:00:00,434.8746,86.8813,44.5157
2021-10-07 00:00:00,438.5809,87.0236,45.9375
2021-10-08 00:00:00,437.7462,86.9033,45.9791
2021-10-11 00:00:00,434.7414,86.9181,
2021-10-12 00:00:00,433.6884,86.702,47.7396
2021-10-13 00:00:00,435.0068,86.7296,46.8637
2021-10-14 00:00:00,442.4742,87.0066,48.473
2021-10-15 00:00:00,445.7706,87.0335,50.288
2021-10-18 00:00:00,447.2732,86.9815,51.7014
2021-10-19 00:00:00,450.5839,87.0589,52.65
2021-10-20 00:00:00,452.2376,87.0728,55.0075
2021-10-21 00:00:00,453.6242,87.0184,54.3698
2021-10-22 00:00:00,453.1413,86.9237,52.1784
2021-10-25 00:00:00,455.2918,86.9125,52.5921
2021-10-26 00:00:00,456.1206,86.9506,52.5825
2021-10-27 00:00:00,453.8237,86.9804,50.2461
2021-10-28 00:00:00,458.3024,86.995,50.4673
2021-10-29 00:00:00,459.2426,86.9331,51.6713
2021-11-01 00:00:00,460.0703,86.6352,51.5215
2021-11-02 00:00:00,461.762,86.6781,52.5612
2021-11-03 00:00:00,464.7419,86.6708,52.6925
2021-11-04 00:00:00,466.7453,86.862,52.0555
2021-11-05 00:00:00,468.5282,87.21,51.6683
2021-11-08 00:00:00,468.949,87.2683,54.9097
2021-11-09 00:00:00,467.3418,87.2562,56.6539
2021-11-10 00:00:00,463.6064,86.9901,56.6205
2021-11-11 00:00:00,463.8592,86.9997,
2021-11-12 00:00:00,467.2436,86.8789,53.7313
2021-11-15 00:00:00,467.2569,86.742,54.5763
2021-11-16 00:00:00,469.0841,86.6519,51.2967
2021-11-17 00:00:00,467.9584,86.6244,50.3218
2021-11-18 00:00:00,469.5821,86.6278,49.4663
2021-11-19 00:00:00,468.9342,86.5862,48.0765
2021-11-22 00:00:00,467.4816,86.4873,48.3512
2021-11-23 00:00:00,468.2602,86.1068,47.7097
2021-11-24 00:00:00,469.3499,85.9567,47.651
2021-11-26 00:00:00,458.7132,85.4375,46.4589
2021-11-29 00:00:00,464.7844,85.8096,48.2558
2021-11-30 00:00:00,456.0503,85.699,48.316
2021-12-01 00:00:00,450.714,85.6501,48.2646
2021-12-02 00:00:00,457.1673,85.732,47.6082
2021-12-03 00:00:00,453.3331,85.8564,46.3867
2021-12-06 00:00:00,458.6495,86.1572,40.9042
2021-12-07 00:00:00,468.1264,86.6497,42.7465
2021-12-08 00:00:00,469.5744,86.5472,42.1204
2021-12-09 00:00:00,466.268,86.4441,41.1175
2021-12-10 00:00:00,470.7131,86.4222,40.466
2021-12-13 00:00:00,466.4335,86.4365,40.1239
2021-12-14 00:00:00,463.0243,86.3051,39.4627
2021-12-15 00:00:00,470.5804,86.363,40.3801
2021-12-16 00:00:00,466.4987,86.2329,40.805
2021-12-17 00:00:00,460.0971,86.1698,39.3912
2021-12-20 00:00:00,454.8547,86.0576,38.9195
2021-12-21 00:00:00,462.9791,86.3634,40.4141
2021-12-22 00:00:00,467.7453,86.5559,41.0829
2021-12-23 00:00:00,470.6614,86.6788,41.5038
2021-12-24 00:00:00,,,42.8238
2021-12-27 00:00:00,477.1936,86.9017,42.9207
2021-12-28 00:00:00,476.7113,86.9622,41.1267
2021-12-29 00:00:00,477.3809,86.9223,39.9129
2021-12-30 00:00:00,475.9947,86.9077,39.482
2021-12-31 00:00:00,474.7659,86.9,39.5396
2022-01-03 00:00:00,477.7925,86.7475,39.1772
2022-01-04 00:00:00,477.525,86.6171,38.9536
2022-01-05 00:00:00,468.3006,86.4142,38.3201
2022-01-06 00:00:00,467.8855,86.1762,36.1849
2022-01-07 00:00:00,466.0714,85.9352,35.1529
2022-01-10 00:00:00,465.3986,85.7572,34.5601
2022-01-11 00:00:00,469.6592,86.1205,35.3399
2022-01-12 00:00:00,470.9869,86.3151,36.297
2022-01-13 00:00:00,464.3334,86.2585,36.3899
2022-01-14 00:00:00,464.718,86.0761,35.7583
2022-01-18 00:00:00,456.1805,85.6499,35.001
2022-01-19 00:00:00,451.7685,85.789,35.1687
2022-01-20 00:00:00,446.8158,85.7166,35.6303
2022-01-21 00:00:00,438.3686,85.3779,32.8422
2022-01-24 00:00:00,439.584,85.0556,29.0898
2022-01-25 00:00:00,434.2379,85.1044,30.692
2022-01-26 00:00:00,433.5931,85.1415,31.5681
2022-01-27 00:00:00,431.2865,84.5139,30.4502
2022-01-28 00:00:00,441.8282,84.2139,30.8528
2022-01-31 00:00:00,450.1718,84.3554,31.5099
2022-02-01 00:00:00,453.2615,84.4739,32.287
2022-02-02 00:00:00,457.5331,84.6714,31.4584
2022-02-03 00:00:00,446.401,84.2384,30.4147
2022-02-04 00:00:00,448.7734,83.6995,33.9685
2022-02-07 00:00:00,447.1212,83.6635,36.949
2022-02-08 00:00:00,450.8818,83.7379,37.0463
2022-02-09 00:00:00,457.4742,84.0316,37.4525
2022-02-10 00:00:00,449.2528,83.4012,36.9045
2022-02-11 00:00:00,440.7563,82.8564,35.4124
2022-02-14 00:00:00,439.0966,82.4024,35.2858
2022-02-15 00:00:00,446.061,82.7142,36.9223
2022-02-16 00:00:00,446.5119,82.8188,36.8946
2022-02-17 00:00:00,437.1243,82.7612,34.1928
2022-02-18 00:00:00,434.0569,82.7453,33.4248
2022-02-22 00:00:00,429.666,82.7751,31.7049
2022-02-23 00:00:00,421.7688,82.7822,31.4828
2022-02-24 00:00:00,428.0967,82.5874,32.0916
2022-02-25 00:00:00,437.7033,83.2768,32.7021
2022-02-28 00:00:00,436.6839,83.4733,35.0116
2022-03-01 00:00:00,429.95,83.1931,36.8513
2022-03-02 00:00:00,437.9635,83.2125,36.619
2022-03-03 00:00:00,435.7193,83.1424,35.0889
2022-03-04 00:00:00,432.2969,82.7503,33.0053
2022-03-07 00:00:00,419.5712,82.1701,31.3561
2022-03-08 00:00:00,416.5543,81.8431,32.1865
2022-03-09 00:00:00,427.2982,82.005,34.9162
2022-03-10 00:00:00,425.5064,81.6173,33.1026
2022-03-11 00:00:00,420.0269,81.3204,32.0301
2022-03-14 00:00:00,417.012,80.4636,32.3933
2022-03-15 00:00:00,425.923,80.6388,33.1575
2022-03-16 00:00:00,435.4386,81.272,34.1362
2022-03-17 00:00:00,440.8241,81.9365,34.1199
2022-03-18 00:00:00,444.5862,82.0097,35.122
2022-03-21 00:00:00,444.4136,81.7392,34.3761
2022-03-22 00:00:00,449.4364,81.5991,35.3101
2022-03-23 00:00:00,443.9431,81.6611,35.2457
2022-03-24 00:00:00,450.3487,81.697,36.671
2022-03-25 00:00:00,452.6296,81.4484,37.0943
2022-03-28 00:00:00,455.8616,81.4596,40.0257
2022-03-29 00:00:00,461.4476,82.1968,39.8095
2022-03-30 00:00:00,458.5878,82.3156,39.2752
2022-03-31 00:00:00,451.4376,82.3617,38.055
2022-04-01 00:00:00,452.9723,81.8406,38.6917
2022-04-04 00:00:00,456.6407,82.0918,38.31
2022-04-05 00:00:00,450.98,81.7031,38.3748
2022-04-06 00:00:00,446.5988,81.0733,36.4922
2022-04-07 00:00:00,448.5533,80.8786,36.1819
2022-04-08 00:00:00,447.37,80.515,35.6229
2022-04-11 00:00:00,439.8217,79.8629,33.3378
2022-04-12 00:00:00,438.3333,80.1924,32.7635
2022-04-13 00:00:00,443.3113,80.4232,34.2344
2022-04-14 00:00:00,437.9262,80.3522,33.1594
2022-04-15 00:00:00,,,33.6043
2022-04-18 00:00:00,437.8365,80.1736,33.9024
2022-04-19 00:00:00,444.8687,80.0723,34.5369
2022-04-20 00:00:00,444.5986,80.2261,34.3228
2022-04-21 00:00:00,438.0789,79.9055,34.3603
2022-04-22 00:00:00,425.9384,79.4864,32.9008
2022-04-25 00:00:00,428.3688,79.4756,33.5182
2022-04-26 00:00:00,416.3239,79.5231,31.8845
2022-04-27 00:00:00,417.1993,79.3695,32.3812
2022-04-28 00:00:00,427.5413,79.2701,33.2843
2022-04-29 00:00:00,412.0684,78.7571,31.9224
2022-05-02 00:00:00,414.4069,77.9706,32.0865
2022-05-03 00:00:00,416.4082,78.3118,31.404
2022-05-04 00:00:00,428.8357,78.5719,33.1626
2022-05-05 00:00:00,413.6056,78.0208,30.2271
2022-05-06 00:00:00,411.3199,77.5245,29.9581
2022-05-09 00:00:00,398.1888,76.7958,25.7649
2022-05-10 00:00:00,399.1672,76.9622,26.0859
2022-05-11 00:00:00,392.6185,76.9193,24.3702
2022-05-12 00:00:00,392.2496,76.5437,23.8106
2022-05-13 00:00:00,401.6368,76.7279,24.9924
2022-05-16 00:00:00,400.0747,76.6585,24.5935
2022-05-17 00:00:00,408.1496,76.6751,25.0011
2022-05-18 00:00:00,391.786,76.0442,24.3358
2022-05-19 00:00:00,389.5453,76.1309,24.9007
2022-05-20 00:00:00,389.6049,76.2615,24.3461
2022-05-23 00:00:00,396.864,76.5061,24.1665
2022-05-24 00:00:00,393.6537,76.6335,24.4051
2022-05-25 00:00:00,397.3709,77.5992,24.5814
2022-05-26 00:00:00,405.2678,78.7218,24.41
2022-05-27 00:00:00,415.3382,79.3031,23.9756
2022-05-31 00:00:00,412.7741,79.1588,26.2899
2022-06-01 00:00:00,409.7341,78.7412,25.0235
2022-06-02 00:00:00,417.3354,78.7596,25.1643
2022-06-03 00:00:00,410.5594,78.3773,24.5619
2022-06-06 00:00:00,411.8458,78.1219,26.1332
2022-06-07 00:00:00,415.766,77.8981,25.7764
2022-06-08 00:00:00,411.3069,77.6729,25.024
2022-06-09 00:00:00,401.5908,77.1728,24.9114
2022-06-10 00:00:00,389.9467,76.2323,24.0634
2022-06-13 00:00:00,374.8821,74.0029,19.235
2022-06-14 00:00:00,373.603,74.0008,18.4197
2022-06-15 00:00:00,379.0446,74.8916,17.9345
2022-06-16 00:00:00,366.8062,73.7775,17.3004
2022-06-17 00:00:00,366.0381,74.1279,17.0258
2022-06-21 00:00:00,375.0182,74.3002,17.332
2022-06-22 00:00:00,374.5328,74.0231,16.6997
2022-06-23 00:00:00,378.1161,74.174,17.3423
2022-06-24 00:00:00,389.6784,74.8013,17.6259
2022-06-27 00:00:00,388.5306,74.7615,17.2954
2022-06-28 00:00:00,380.7019,74.0018,16.7966
2022-06-29 00:00:00,380.4726,73.3991,16.7624
2022-06-30 00:00:00,377.2021,73.2178,15.6722
2022-07-01 00:00:00,381.181,73.1708,16.0657
2022-07-05 00:00:00,381.8524,73.177,16.9092
2022-07-06 00:00:00,383.2235,73.5194,16.8397
2022-07-07 00:00:00,388.9998,74.2655,18.1128
2022-07-08 00:00:00,388.7051,74.3928,18.0773
2022-07-11 00:00:00,384.2333,74.4188,16.9899
2022-07-12 00:00:00,380.6897,74.4753,16.076
2022-07-13 00:00:00,379.0016,74.3777,16.2872
2022-07-14 00:00:00,377.9138,73.9679,17.0781
2022-07-15 00:00:00,385.1613,74.6595,17.546
2022-07-18 00:00:00,381.9413,74.9678,17.9172
2022-07-19 00:00:00,392.5012,75.39,19.4136
2022-07-20 00:00:00,394.8189,75.8837,19.6152
2022-07-21 00:00:00,398.7453,76.1788,19.2292
2022-07-22 00:00:00,395.029,76.6542,18.7351
2022-07-25 00:00:00,395.5462,76.6358,18.142
2022-07-26 00:00:00,390.9852,76.2314,17.3409
2022-07-27 00:00:00,401.207,76.7534,18.8599
2022-07-28 00:00:00,406.1195,77.2094,19.722
2022-07-29 00:00:00,411.9249,77.8384,19.8012
2022-08-01 00:00:00,410.7646,77.6876,19.0231
2022-08-02 00:00:00,408.0293,77.5667,19.0165
2022-08-03 00:00:00,414.4083,77.713,19.4399
2022-08-04 00:00:00,414.1196,77.99,18.6056
2022-08-05 00:00:00,413.4969,77.7248,19.004
2022-08-08 00:00:00,412.9917,78.0272,19.821
2022-08-09 00:00:00,411.2623,77.5859,19.1017
2022-08-10 00:00:00,420.0241,78.2765,19.5721
2022-08-11 00:00:00,419.8415,78.3628,20.0512
2022-08-12 00:00:00,427.1529,78.4185,20.0297
2022-08-15 00:00:00,428.8568,78.4776,19.8582
2022-08-16 00:00:00,429.6808,78.252,19.816
2022-08-17 00:00:00,426.6532,77.7249,19.2685
2022-08-18 00:00:00,427.6845,77.6621,19.3247
2022-08-19 00:00:00,422.1892,77.0854,17.6572
2022-08-22 00:00:00,413.2177,76.2995,17.4139
2022-08-23 00:00:00,412.301,76.2376,17.8039
2022-08-24 00:00:00,413.5057,76.2714,17.9681
2022-08-25 00:00:00,419.3284,76.6763,17.8721
2022-08-26 00:00:00,405.2433,76.2569,17.0864
2022-08-29 00:00:00,402.5663,75.7386,16.6204
2022-08-30 00:00:00,398.1694,75.1668,16.5013
2022-08-31 00:00:00,395.1425,74.8133,16.7336
2022-09-01 00:00:00,396.3905,73.9904,16.4353
2022-09-02 00:00:00,392.1753,74.4062,16.4628
2022-09-06 00:00:00,390.5923,74.2398,15.5636
2022-09-07 00:00:00,397.7412,74.671,15.7162
2022-09-08 00:00:00,400.4107,75.082,15.9918
2022-09-09 00:00:00,406.537,75.6845,17.6077
2022-09-12 00:00:00,410.8235,75.8707,18.5371
2022-09-13 00:00:00,393.1303,74.7289,16.7583
2022-09-14 00:00:00,394.561,74.6578,16.5007
2022-09-15 00:00:00,390.1529,74.239,16.3534
2022-09-16 00:00:00,385.7687,73.7094,16.216
2022-09-19 00:00:00,388.4184,74.0233,16.1237
2022-09-20 00:00:00,384.0432,73.7711,15.6902
2022-09-21 00:00:00,377.4958,73.9329,15.7098
2022-09-22 00:00:00,374.3325,73.1552,15.9506
2022-09-23 00:00:00,367.8898,72.3752,15.5434
2022-09-26 00:00:00,364.088,71.7523,15.8546
2022-09-27 00:00:00,363.3405,71.4131,15.7595
2022-09-28 00:00:00,370.5059,71.7922,16.1394
2022-09-29 00:00:00,362.7334,71.272,16.0256
2022-09-30 00:00:00,357.2857,71.6179,16.0952
2022-10-03 00:00:00,366.5359,71.8249,16.1263
2022-10-04 00:00:00,377.7744,72.9605,16.699
2022-10-05 00:00:00,377.0488,72.7666,16.6049
2022-10-06 00:00:00,373.2841,72.9206,16.521
2022-10-07 00:00:00,362.8475,72.456,16.0685
2022-10-10 00:00:00,360.1298,72.4438,
2022-10-11 00:00:00,357.7884,71.6702,15.675
2022-10-12 00:00:00,356.6214,71.6525,15.7952
2022-10-13 00:00:00,365.9182,71.5372,15.9837
2022-10-14 00:00:00,357.2817,71.6846,15.8105
2022-10-17 00:00:00,366.7286,72.1743,16.1059
2022-10-18 00:00:00,370.9209,72.5172,15.853
2022-10-19 00:00:00,368.4486,71.9587,15.8593
2022-10-20 00:00:00,365.5642,71.8679,15.7242
2022-10-21 00:00:00,374.2309,71.9201,15.8291
2022-10-24 00:00:00,378.6714,72.1238,15.9496
2022-10-25 00:00:00,384.8232,72.6354,16.7165
2022-10-26 00:00:00,381.9873,72.972,17.1174
2022-10-27 00:00:00,379.673,73.4862,17.0106
2022-10-28 00:00:00,389.0503,73.8826,16.9951
2022-10-31 00:00:00,386.1671,73.4585,16.7924
2022-11-01 00:00:00,384.5893,73.1922,16.8546
2022-11-02 00:00:00,374.9959,73.0514,16.6982
2022-11-03 00:00:00,371.0829,72.3227,16.6976
2022-11-04 00:00:00,376.2,72.4781,17.3856
2022-11-07 00:00:00,379.8172,72.5721,17.1472
2022-11-08 00:00:00,381.9399,72.4863,14.9775
2022-11-09 00:00:00,374.1042,71.9474,13.3473
2022-11-10 00:00:00,394.8068,73.4557,14.8949
2022-11-11 00:00:00,398.4419,73.5389,
2022-11-14 00:00:00,394.9814,73.8142,13.3852
2022-11-15 00:00:00,398.4408,74.1289,13.8582
2022-11-16 00:00:00,395.253,74.1346,13.6392
2022-11-17 00:00:00,394.1185,73.7035,13.7409
2022-11-18 00:00:00,395.9945,73.873,13.6845
2022-11-21 00:00:00,394.5081,73.9386,12.9834
2022-11-22 00:00:00,399.8471,74.2818,13.269
2022-11-23 00:00:00,402.2191,74.7112,13.659
2022-11-25 00:00:00,402.1132,74.845,13.5968
2022-11-28 00:00:00,395.9387,74.3931,13.3797
2022-11-29 00:00:00,395.3432,74.2571,13.5704
2022-11-30 00:00:00,407.637,74.7759,14.0666
2022-12-01 00:00:00,407.3502,75.1271,13.9176
2022-12-02 00:00:00,406.8951,75.1034,14.0185
2022-12-05 00:00:00,399.6512,74.8197,13.937
2022-12-06 00:00:00,393.9345,74.5638,13.9808
2022-12-07 00:00:00,393.213,74.6573,13.842
2022-12-08 00:00:00,396.2126,74.8578,14.1479
2022-12-09 00:00:00,393.3271,74.9411,14.0673
2022-12-12 00:00:00,398.9178,75.0604,14.0816
2022-12-13 00:00:00,401.8274,75.6517,14.5994
2022-12-14 00:00:00,399.4816,75.6509,14.6178
2022-12-15 00:00:00,389.6006,74.7854,14.324
2022-12-16 00:00:00,383.5292,74.387,13.8776
2022-12-19 00:00:00,380.0967,74.1449,13.6437
2022-12-20 00:00:00,380.5034,73.9238,13.8619
2022-12-21 00:00:00,386.2144,74.3552,13.7937
2022-12-22 00:00:00,380.6314,74.1199,13.7937
2022-12-23 00:00:00,382.872,74.0866,13.8118
2022-12-27 00:00:00,381.3512,73.9538,13.687
2022-12-28 00:00:00,376.7703,73.2849,13.6314
2022-12-29 00:00:00,383.3957,73.0904,13.6365
2022-12-30 00:00:00,382.443,73.2108,13.6072
2023-01-03 00:00:00,380.9243,73.6839,13.6836
2023-01-04 00:00:00,383.8125,74.2417,13.8015
2023-01-05 00:00:00,379.4076,74.1933,13.8436
2023-01-06 00:00:00,388.0743,75.1598,13.874
2023-01-09 00:00:00,387.8459,75.6089,14.134
2023-01-10 00:00:00,390.5493,75.5211,14.3493
2023-01-11 00:00:00,395.5684,75.8772,14.4134
2023-01-12 00:00:00,396.9636,76.2423,15.6512
2023-01-13 00:00:00,398.5602,76.2347,15.9884
2023-01-17 00:00:00,397.7501,76.2534,17.5494
2023-01-18 00:00:00,391.5666,76.5364,17.0096
2023-01-19 00:00:00,388.6283,75.974,17.3194
2023-01-20 00:00:00,395.977,75.8529,18.2862
2023-01-23 00:00:00,400.6758,76.0581,18.8888
2023-01-24 00:00:00,400.3999,76.0207,18.8905
2023-01-25 00:00:00,400.3303,76.005,18.8169
2023-01-26 00:00:00,404.7624,76.2212,18.9656
2023-01-27 00:00:00,405.7741,76.172,18.9603
2023-01-30 00:00:00,400.5548,75.9445,18.6119
2023-01-31 00:00:00,406.4189,76.0841,18.9477
2023-02-01 00:00:00,410.6626,76.1238,19.3273
2023-02-02 00:00:00,416.7102,77.0897,19.5704
2023-02-03 00:00:00,412.4175,76.5606,19.1393
2023-02-06 00:00:00,409.9143,75.9237,18.8651
2023-02-07 00:00:00,415.1909,75.9302,19.0292
2023-02-08 00:00:00,410.6106,75.7688,18.7254
2023-02-09 00:00:00,407.0533,75.5301,18.0356
2023-02-10 00:00:00,408.0271,74.883,17.8133
2023-02-13 00:00:00,412.7513,75.009,17.7626
2023-02-14 00:00:00,412.6851,74.8344,18.241
2023-02-15 00:00:00,413.9289,74.6901,19.7896
2023-02-16 00:00:00,408.2721,74.3699,20.1258
2023-02-17 00:00:00,407.2153,74.1803,20.3402
2023-02-21 00:00:00,399.076,73.4502,20.0445
2023-02-22 00:00:00,398.4562,73.8693,19.49
2023-02-23 00:00:00,400.6056,74.4373,19.6104
2023-02-24 00:00:00,396.4105,74.1278,19.0223
2023-02-27 00:00:00,397.6737,74.555,19.1009
2023-02-28 00:00:00,396.5089,74.5054,19.0665
2023-03-01 00:00:00,394.6647,73.8822,19.174
2023-03-02 00:00:00,397.7073,73.7811,19.2132
2023-03-03 00:00:00,404.1377,74.3216,18.2622
2023-03-06 00:00:00,404.4278,74.6438,18.2981
2023-03-07 00:00:00,398.2607,74.36,18.0568
2023-03-08 00:00:00,398.8552,73.8855,18.0847
2023-03-09 00:00:00,391.5838,73.7234,16.4687
2023-03-10 00:00:00,385.8914,73.4417,16.3508
2023-03-13 00:00:00,385.2642,73.1926,19.9299
2023-03-14 00:00:00,391.808,73.5184,20.5684
2023-03-15 00:00:00,389.0966,72.9334,19.9847
2023-03-16 00:00:00,395.9634,73.4217,20.4735
2023-03-17 00:00:00,390.1182,73.2684,21.9978
2023-03-20 00:00:00,393.601,73.1506,22.7947
2023-03-21 00:00:00,398.7391,73.6482,23.0751
2023-03-22 00:00:00,392.2054,73.9106,21.869
2023-03-23 00:00:00,393.4089,73.8043,23.2533
2023-03-24 00:00:00,395.6253,73.4867,22.7765
2023-03-27 00:00:00,396.2759,73.5321,22.053
2023-03-28 00:00:00,395.6611,73.4061,22.429
2023-03-29 00:00:00,401.2914,73.8603,23.2267
2023-03-30 00:00:00,403.6373,74.2511,22.8785
2023-03-31 00:00:00,409.4769,74.9456,23.2713
2023-04-03 00:00:00,410.9889,74.7958,22.959
2023-04-04 00:00:00,408.6436,74.6469,23.0462
2023-04-05 00:00:00,407.6757,74.4501,23.0922
2023-04-06 00:00:00,409.2146,74.4622,22.9097
2023-04-07 00:00:00,,,22.8175
2023-04-10 00:00:00,409.6304,74.4737,23.8556
2023-04-11 00:00:00,409.6125,74.7342,24.6459
2023-04-12 00:00:00,407.928,74.9219,24.3479
2023-04-13 00:00:00,413.3971,75.1986,24.8059
2023-04-14 00:00:00,412.541,75.0772,24.7916
2023-04-17 00:00:00,413.9096,74.8841,24.0829
2023-04-18 00:00:00,414.2625,75.0147,24.6978
2023-04-19 00:00:00,414.2258,74.8002,23.8794
2023-04-20 00:00:00,411.8071,74.6478,22.9481
2023-04-21 00:00:00,412.1824,74.7796,22.2781
2023-04-24 00:00:00,412.532,74.9239,22.3557
2023-04-25 00:00:00,406.0336,74.8988,22.5524
2023-04-26 00:00:00,404.4776,74.7538,22.786
2023-04-27 00:00:00,412.3901,74.9469,24.232
2023-04-28 00:00:00,415.8303,75.1731,23.9523
2023-05-01 00:00:00,415.6622,74.6873,22.7295
2023-05-02 00:00:00,410.8552,74.4525,23.4307
2023-05-03 00:00:00,407.9935,74.6325,23.1298
2023-05-04 00:00:00,405.0947,74.1331,23.5818
2023-05-05 00:00:00,412.5894,74.5026,24.1353
2023-05-08 00:00:00,412.7819,74.433,22.3093
2023-05-09 00:00:00,410.9223,74.2658,22.6134
2023-05-10 00:00:00,412.7725,74.538,22.6048
2023-05-11 00:00:00,412.1596,74.4726,21.9027
2023-05-12 00:00:00,411.5982,74.3552,21.5977
2023-05-15 00:00:00,412.8687,74.3732,22.3577
2023-05-16 00:00:00,410.2614,74.0945,21.9706
2023-05-17 00:00:00,415.2127,74.1185,22.323
2023-05-18 00:00:00,419.2005,73.9645,21.8188
2023-05-19 00:00:00,418.6029,74.0362,21.8841
2023-05-22 00:00:00,418.715,74.2049,21.8938
2023-05-23 00:00:00,414.0346,74.065,22.1687
2023-05-24 00:00:00,411.0193,73.6107,21.392
2023-05-25 00:00:00,414.6233,73.6282,21.5789
2023-05-26 00:00:00,420.0462,73.6964,21.8257
2023-05-30 00:00:00,420.0798,74.0166,22.6977
2023-05-31 00:00:00,417.6058,73.9138,22.0125
2023-06-01 00:00:00,421.7848,73.9013,21.8883
2023-06-02 00:00:00,427.9181,74.3579,22.1928
2023-06-05 00:00:00,427.0696,74.3243,20.877
2023-06-06 00:00:00,428.0813,74.357,22.0731
2023-06-07 00:00:00,426.4653,74.2939,21.5763
2023-06-08 00:00:00,429.1447,74.4434,21.6199
2023-06-09 00:00:00,429.6449,74.5366,21.5021
2023-06-12 00:00:00,433.6376,74.4818,21.0289
2023-06-13 00:00:00,436.6496,74.6875,21.0817
2023-06-14 00:00:00,437.1073,74.6007,21.0622
2023-06-15 00:00:00,442.4894,74.8152,20.7039
2023-06-16 00:00:00,439.2351,74.8607,21.4689
2023-06-20 00:00:00,437.1566,74.7047,22.789
2023-06-21 00:00:00,434.8905,74.452,24.5155
2023-06-22 00:00:00,436.5418,74.2814,24.6019
2023-06-23 00:00:00,433.1994,74.0841,25.1491
2023-06-26 00:00:00,431.2624,74.1373,24.6288
2023-06-27 00:00:00,436.2015,74.39,24.9608
2023-06-28 00:00:00,436.0474,74.6048,24.4921
2023-06-29 00:00:00,438.0496,74.5014,24.8884
2023-06-30 00:00:00,443.4368,74.8064,24.7289
2023-07-03 00:00:00,443.974,74.4815,25.4272
2023-07-05 00:00:00,443.1526,74.2894,24.7531
2023-07-06 00:00:00,439.6754,73.6968,24.6501
2023-07-07 00:00:00,438.4869,73.8752,24.5872
2023-07-10 00:00:00,439.5425,74.0618,25.072
2023-07-11 00:00:00,442.5111,74.3082,24.8669
2023-07-12 00:00:00,445.7968,75.0309,24.6159
2023-07-13 00:00:00,449.6167,75.388,25.7402
2023-07-14 00:00:00,449.1664,75.1907,24.4827
2023-07-17 00:00:00,450.8975,75.0578,24.3032
2023-07-18 00:00:00,454.1051,75.2313,24.1507
2023-07-19 00:00:00,455.1797,75.3322,24.4163
2023-07-20 00:00:00,452.1505,75.0171,24.1709
2023-07-21 00:00:00,452.2921,75.1518,24.2781
2023-07-24 00:00:00,454.1228,75.2377,23.6445
2023-07-25 00:00:00,455.4063,75.1547,23.7226
2023-07-26 00:00:00,455.343,75.1833,23.8833
2023-07-27 00:00:00,452.4517,75.1034,23.683
2023-07-28 00:00:00,456.9575,75.241,23.8122
2023-07-31 00:00:00,457.6395,75.3876,23.6652
2023-08-01 00:00:00,456.4317,74.7012,23.763
2023-08-02 00:00:00,450.1265,74.3394,23.6574
2023-08-03 00:00:00,449.0022,74.2121,23.7591
2023-08-04 00:00:00,446.6571,74.5806,23.5393
2023-08-07 00:00:00,450.6925,74.6958,23.6328
2023-08-08 00:00:00,448.7952,74.6852,24.258
2023-08-09 00:00:00,445.6773,74.863,23.8595
2023-08-10 00:00:00,445.8436,74.9499,23.8585
2023-08-11 00:00:00,445.4285,74.7961,23.829
2023-08-14 00:00:00,448.0126,74.7048,23.7957
2023-08-15 00:00:00,442.9126,74.5679,23.6564
2023-08-16 00:00:00,439.6415,74.5016,23.6027
2023-08-17 00:00:00,436.3417,74.0726,22.6016
2023-08-18 00:00:00,436.3018,73.9921,21.1167
2023-08-21 00:00:00,439.3041,73.9728,21.1673
2023-08-22 00:00:00,438.0905,74.0742,20.9012
2023-08-23 00:00:00,442.9254,74.5441,21.6011
2023-08-24 00:00:00,436.9895,74.3149,21.0921
2023-08-25 00:00:00,439.9683,74.3578,21.0503
2023-08-28 00:00:00,442.7219,74.592,21.0669
2023-08-29 00:00:00,449.1429,74.9396,22.583
2023-08-30 00:00:00,450.934,75.1293,22.0382
2023-08-31 00:00:00,450.3189,75.1573,21.2095
2023-09-01 00:00:00,451.1466,74.8109,20.7714
2023-09-05 00:00:00,449.2783,74.5317,20.8106
2023-09-06 00:00:00,446.1649,74.3169,20.7931
2023-09-07 00:00:00,444.7944,74.4489,20.9714
2023-09-08 00:00:00,445.4562,74.5242,20.9744
2023-09-11 00:00:00,448.4412,74.6324,20.2608
2023-09-12 00:00:00,445.9107,74.5971,21.1249
2023-09-13 00:00:00,446.4652,74.6596,21.1902
2023-09-14 00:00:00,450.3413,74.7854,21.6188
2023-09-15 00:00:00,443.3148,74.6421,21.3936
2023-09-18 00:00:00,443.6403,74.576,21.7335
2023-09-19 00:00:00,442.6846,74.4225,22.0277
2023-09-20 00:00:00,438.5533,74.503,21.8154
2023-09-21 00:00:00,431.3744,74.0081,21.546
2023-09-22 00:00:00,430.3884,74.1107,21.49
2023-09-25 00:00:00,432.1255,73.9098,21.3219
2023-09-26 00:00:00,425.7846,73.6764,21.2443
2023-09-27 00:00:00,425.8901,73.5638,21.2428
2023-09-28 00:00:00,428.4555,73.609,21.9415
2023-09-29 00:00:00,427.3061,73.8304,21.7911
2023-10-02 00:00:00,427.341,72.9295,22.636
2023-10-03 00:00:00,421.4996,72.3011,22.0671
2023-10-04 00:00:00,424.9164,72.3222,22.356
2023-10-05 00:00:00,424.4376,72.4322,22.2415
2023-10-06 00:00:00,429.5187,72.4485,22.6334
2023-10-09 00:00:00,432.2226,72.4701,
2023-10-10 00:00:00,434.4798,73.1275,22.1656
2023-10-11 00:00:00,436.3636,73.1005,21.6457
2023-10-12 00:00:00,433.6869,72.7711,21.6017
2023-10-13 00:00:00,431.515,72.8849,21.6526
2023-10-16 00:00:00,436.0945,72.7377,23.0193
2023-10-17 00:00:00,436.0494,72.4639,23.0632
2023-10-18 00:00:00,430.2123,72.187,22.8524
2023-10-19 00:00:00,426.6019,72.0215,23.2583
2023-10-20 00:00:00,421.2502,71.9097,23.9143
2023-10-23 00:00:00,420.5406,72.1579,25.3773
2023-10-24 00:00:00,423.5999,72.463,27.331
2023-10-25 00:00:00,417.5338,72.2288,28.1078
2023-10-26 00:00:00,412.604,72.199,27.5334
2023-10-27 00:00:00,410.6314,72.264,27.2271
2023-10-30 00:00:00,415.5929,72.2519,27.8356
2023-10-31 00:00:00,418.308,72.4409,27.913
2023-11-01 00:00:00,422.6978,72.3741,27.9293
2023-11-02 00:00:00,430.6848,73.3032,28.2748
2023-11-03 00:00:00,434.7415,73.9956,27.9096
2023-11-06 00:00:00,435.5157,73.8833,28.2938
2023-11-07 00:00:00,436.7583,73.7922,28.8231
2023-11-08 00:00:00,437.2174,73.8196,28.7762
2023-11-09 00:00:00,433.7708,73.5734,29.5239
2023-11-10 00:00:00,440.5991,73.6592,30.0894
2023-11-13 00:00:00,440.2579,73.6754,29.6964
2023-11-14 00:00:00,448.7331,74.5131,28.4906
2023-11-15 00:00:00,449.5301,74.2914,30.3264
2023-11-16 00:00:00,450.1702,74.2606,29.0215
2023-11-17 00:00:00,450.7528,74.3384,29.4665
2023-11-20 00:00:00,454.1216,74.5721,30.327
2023-11-21 00:00:00,453.216,74.5603,29.8159
2023-11-22 00:00:00,455.0729,74.6995,30.3731
2023-11-24 00:00:00,455.3517,74.6979,30.5527
2023-11-27 00:00:00,454.471,74.8623,29.704
2023-11-28 00:00:00,454.9158,75.0715,30.889
2023-11-29 00:00:00,454.5639,75.6004,30.3748
2023-11-30 00:00:00,456.4123,75.4519,30.459
2023-12-01 00:00:00,459.1205,75.4514,31.274
2023-12-04 00:00:00,456.6449,75.4665,33.6926
2023-12-05 00:00:00,456.4044,75.6324,35.3007
2023-12-06 00:00:00,454.6376,75.7499,35.3244
2023-12-07 00:00:00,458.3207,75.7674,34.869
2023-12-08 00:00:00,460.1997,75.5947,35.7962
2023-12-11 00:00:00,462.0009,75.5313,32.8964
2023-12-12 00:00:00,464.1361,75.6361,33.226
2023-12-13 00:00:00,470.4584,76.3118,34.573
2023-12-14 00:00:00,471.8073,76.931,34.6077
2023-12-15 00:00:00,469.8885,76.7682,34.0511
2023-12-18 00:00:00,472.0213,76.7192,33.8004
2023-12-19 00:00:00,474.8292,76.977,34.016
2023-12-20 00:00:00,467.9079,77.1687,35.015
2023-12-21 00:00:00,472.7296,77.2397,35.2733
2023-12-22 00:00:00,473.5108,77.324,35.1983
2023-12-26 00:00:00,475.5166,77.4046,33.9571
2023-12-27 00:00:00,476.2343,77.6454,35.0382
2023-12-28 00:00:00,476.4629,77.5862,34.2489
2023-12-29 00:00:00,475.1363,77.5468,33.846
2024-01-02 00:00:00,472.4575,77.1203,36.0889
2024-01-03 00:00:00,468.6894,76.6797,34.414
2024-01-04 00:00:00,467.1428,76.6112,35.5716
2024-01-05 00:00:00,467.9931,76.6385,35.4221
2024-01-08 00:00:00,474.6044,76.871,37.6718
2024-01-09 00:00:00,473.9693,76.9963,37.5511
2024-01-10 00:00:00,476.6598,77.1751,37.1529
2024-01-11 00:00:00,476.3564,77.1952,37.2011
2024-01-12 00:00:00,476.75,77.3863,35.1351
2024-01-16 00:00:00,474.9775,77.0546,34.7382
2024-01-17 00:00:00,472.3197,76.6959,34.3166
2024-01-18 00:00:00,476.5137,76.8417,32.8175
2024-01-19 00:00:00,482.4018,76.8849,33.4007
2024-01-22 00:00:00,483.4581,77.1632,32.2785
2024-01-23 00:00:00,484.8791,76.9998,31.5039
2024-01-24 00:00:00,485.2765,77.1344,31.8256
2024-01-25 00:00:00,487.8535,77.341,31.9874
2024-01-26 00:00:00,487.5329,77.4014,33.7632
2024-01-29 00:00:00,491.2216,77.5366,34.7102
2024-01-30 00:00:00,490.9654,77.47,35.0322
2024-01-31 00:00:00,483.0759,77.3919,34.1938
2024-02-01 00:00:00,489.1313,77.2604,34.5623
2024-02-02 00:00:00,494.3734,77.0313,34.5224
2024-02-05 00:00:00,492.8044,76.6966,34.0703
2024-02-06 00:00:00,493.9543,76.9735,34.631
2024-02-07 00:00:00,498.0272,77.0676,35.4673
2024-02-08 00:00:00,498.3724,77.0615,36.5854
2024-02-09 00:00:00,501.2751,77.1399,38.2198
2024-02-12 00:00:00,500.8053,77.1753,40.3428
2024-02-13 00:00:00,494.0237,76.6263,39.7256
2024-02-14 00:00:00,498.8415,76.8024,41.5632
2024-02-15 00:00:00,501.8521,76.9698,41.5679
2024-02-16 00:00:00,499.5202,76.7974,41.6638
2024-02-20 00:00:00,496.5427,76.9043,41.7985
2024-02-21 00:00:00,497.1904,76.839,40.9605
2024-02-22 00:00:00,507.6975,77.1255,41.7505
2024-02-23 00:00:00,507.8804,77.1849,41.0562
2024-02-26 00:00:00,505.9789,77.1606,43.765
2024-02-27 00:00:00,506.8461,77.1347,45.7796
2024-02-28 00:00:00,506.0538,77.0852,48.4471
2024-02-29 00:00:00,508.8003,77.1848,49.8597
2024-03-01 00:00:00,512.8914,76.9069,50.6447
2024-03-04 00:00:00,512.2974,76.9759,54.3783
2024-03-05 00:00:00,507.0991,76.9971,49.7173
2024-03-06 00:00:00,509.736,77.1424,53.9154
2024-03-07 00:00:00,515.0453,77.2817,54.4072
2024-03-08 00:00:00,511.7226,77.3782,55.6411
2024-03-11 00:00:00,511.1501,77.3106,57.8234
2024-03-12 00:00:00,516.8771,77.3401,57.3183
2024-03-13 00:00:00,515.9062,77.3979,58.9762
2024-03-14 00:00:00,514.5548,77.1255,55.6343
2024-03-15 00:00:00,509.6463,77.0532,55.276
2024-03-18 00:00:00,512.8696,77.1771,53.7438
2024-03-19 00:00:00,515.7661,77.3816,51.7048
2024-03-20 00:00:00,520.4255,77.4097,52.7237
2024-03-21 00:00:00,522.1203,77.5031,52.4217
2024-03-22 00:00:00,521.4122,77.5264,51.3266
2024-03-25 00:00:00,519.8177,77.5039,56.9788
2024-03-26 00:00:00,518.3619,77.4492,55.7155
2024-03-27 00:00:00,522.8966,77.5388,55.0739
2024-03-28 00:00:00,523.4892,77.5961,56.8493
2024-04-01 00:00:00,522.4351,76.9845,55.9255
2024-04-02 00:00:00,518.6666,76.7246,53.0068
2024-04-03 00:00:00,519.2554,76.8089,52.8371
2024-04-04 00:00:00,512.9175,76.9228,54.8986
2024-04-05 00:00:00,518.6046,76.8227,54.0847
2024-04-08 00:00:00,518.4187,76.851,57.4762
2024-04-09 00:00:00,519.2411,77.0078,55.3284
2024-04-10 00:00:00,514.343,76.4667,56.1506
2024-04-11 00:00:00,518.1806,76.3726,56.4981
2024-04-12 00:00:00,510.7055,76.2484,53.6178
2024-04-15 00:00:00,504.5778,75.963,50.805
2024-04-16 00:00:00,503.541,75.6738,50.31
2024-04-17 00:00:00,500.6308,75.7872,48.8998
2024-04-18 00:00:00,499.5565,75.7276,50.9399
2024-04-19 00:00:00,495.2061,75.8727,51.5538
2024-04-22 00:00:00,499.5232,76.1508,53.3804
2024-04-23 00:00:00,505.5026,76.4846,53.2715
2024-04-24 00:00:00,505.6107,76.3774,51.258
2024-04-25 00:00:00,503.3078,76.105,51.832
2024-04-26 00:00:00,508.4455,76.4206,51.1582
2024-04-29 00:00:00,510.0851,76.6542,50.4434
2024-04-30 00:00:00,502.0831,76.4105,47.4049
2024-05-01 00:00:00,500.3632,76.1946,45.6513
2024-05-02 00:00:00,504.9326,76.443,47.5379
2024-05-03 00:00:00,511.2861,76.8538,49.7468
2024-05-06 00:00:00,516.5713,76.9877,50.6194
2024-05-07 00:00:00,517.2901,76.9623,50.4946
2024-05-08 00:00:00,517.286,76.7764,49.7893
2024-05-09 00:00:00,520.0172,76.8361,50.0228
2024-05-10 00:00:00,520.9526,76.727,48.5552
2024-05-13 00:00:00,520.8336,76.7787,50.551
2024-05-14 00:00:00,523.4256,76.8067,49.2898
2024-05-15 00:00:00,529.6445,77.1459,52.9185
2024-05-16 00:00:00,528.651,77.1172,52.1805
2024-05-17 00:00:00,529.284,77.0652,53.6814
2024-05-20 00:00:00,529.8114,77.1232,56.0864
2024-05-21 00:00:00,531.1464,77.1913,55.4599
2024-05-22 00:00:00,529.7174,77.0287,55.7022
2024-05-23 00:00:00,525.8345,76.849,53.6917
2024-05-24 00:00:00,529.5161,76.8416,55.3921
2024-05-28 00:00:00,529.647,76.8061,54.7158
2024-05-29 00:00:00,525.7587,76.5244,53.7675
2024-05-30 00:00:00,522.6753,76.6304,54.9246
2024-05-31 00:00:00,526.9052,76.8641,54.0578
2024-06-03 00:00:00,527.5511,76.7751,55.3274
2024-06-04 00:00:00,528.3692,76.8427,56.3928
2024-06-05 00:00:00,534.6207,77.0384,57.0543
2024-06-06 00:00:00,534.5202,77.0401,56.3623
2024-06-07 00:00:00,534.0197,76.7787,55.4368
2024-06-10 00:00:00,535.4368,76.7716,55.5996
2024-06-11 00:00:00,536.8872,76.87,53.8901
2024-06-12 00:00:00,541.4512,77.3297,54.0493
2024-06-13 00:00:00,542.7223,77.2838,53.2507
2024-06-14 00:00:00,542.6388,76.964,52.3459
2024-06-17 00:00:00,546.852,76.9878,53.274
2024-06-18 00:00:00,548.2402,77.2217,51.4743
2024-06-20 00:00:00,546.8628,77.1154,51.9489
2024-06-21 00:00:00,544.2766,77.1589,51.3076
2024-06-24 00:00:00,542.6421,77.3055,47.3188
2024-06-25 00:00:00,544.7739,77.2772,49.561
2024-06-26 00:00:00,545.6304,77.1439,48.7199
2024-06-27 00:00:00,546.1292,77.2019,49.0329
2024-06-28 00:00:00,543.9596,77.2307,47.9222
2024-07-01 00:00:00,545.4291,76.7051,50.5373
2024-07-02 00:00:00,548.8241,76.7566,49.3911
2024-07-03 00:00:00,551.6256,76.9023,47.6387
2024-07-05 00:00:00,554.712,77.0993,45.1135
2024-07-08 00:00:00,555.2913,77.1951,45.1365
2024-07-09 00:00:00,555.7139,77.2092,46.2285
2024-07-10 00:00:00,561.4487,77.3238,45.8587
2024-07-11 00:00:00,556.5546,77.6137,45.8438
2024-07-12 00:00:00,559.6173,77.7563,46.0172
2024-07-15 00:00:00,561.2547,77.8309,50.6822
2024-07-16 00:00:00,564.8397,78.0988,52.0723
2024-07-17 00:00:00,556.9879,78.0507,51.5705
2024-07-18 00:00:00,552.6383,78.0087,50.7273
2024-07-19 00:00:00,548.7241,77.8962,53.6942
2024-07-22 00:00:00,554.661,78.0776,54.4965
2024-07-23 00:00:00,553.796,78.1684,52.2957
2024-07-24 00:00:00,540.9938,78.0183,52.4318
2024-07-25 00:00:00,538.2209,78.0914,51.6411
2024-07-26 00:00:00,544.2179,78.2183,54.3005
2024-07-29 00:00:00,544.6667,78.19,53.6977
2024-07-30 00:00:00,541.9732,78.1802,52.5741
2024-07-31 00:00:00,550.5624,78.4182,52.0727
2024-08-01 00:00:00,543.0509,77.9522,50.5866
2024-08-02 00:00:00,533.0844,77.6525,49.9415
2024-08-05 00:00:00,517.1468,77.1123,42.6636
2024-08-06 00:00:00,522.5,77.6821,45.3297
2024-08-07 00:00:00,518.4803,77.8051,43.6859
2024-08-08 00:00:00,530.4161,77.9089,47.3937
2024-08-09 00:00:00,532.9517,77.9059,48.4253
2024-08-12 00:00:00,533.0452,77.9805,47.0973
2024-08-13 00:00:00,542.0165,78.13,48.5523
2024-08-14 00:00:00,544.1008,78.2718,46.9965
2024-08-15 00:00:00,553.0241,78.3949,45.5141
2024-08-16 00:00:00,554.1972,78.5201,47.6492
2024-08-19 00:00:00,559.6337,78.715,47.0725
2024-08-20 00:00:00,558.5403,78.7848,47.4534
2024-08-21 00:00:00,560.9281,78.8711,49.1126
2024-08-22 00:00:00,555.9372,78.8287,48.0712
2024-08-23 00:00:00,562.312,79.1429,50.7862
2024-08-26 00:00:00,560.5537,79.1787,50.49
2024-08-27 00:00:00,561.4885,79.1708,49.5012
2024-08-28 00:00:00,558.1415,79.129,46.9388
2024-08-29 00:00:00,558.1475,79.2056,47.2417
2024-08-30 00:00:00,563.843,79.2125,46.8153
2024-09-03 00:00:00,551.9987,78.664,46.2339
2024-09-04 00:00:00,551.136,78.8651,46.2799
2024-09-05 00:00:00,549.4947,79.0788,44.649
2024-09-06 00:00:00,540.0976,79.0245,42.6379
2024-09-09 00:00:00,546.389,79.1667,45.52
2024-09-10 00:00:00,548.8387,79.1048,46.1957
2024-09-11 00:00:00,554.677,79.1029,45.9354
2024-09-12 00:00:00,558.8298,79.2551,46.5166
2024-09-13 00:00:00,561.9329,79.4144,47.5994
2024-09-16 00:00:00,562.7491,79.6457,46.1213
2024-09-17 00:00:00,562.9098,79.7447,47.7911
2024-09-18 00:00:00,561.2939,79.8362,47.8512
2024-09-19 00:00:00,570.825,80.1307,50.3982
2024-09-20 00:00:00,567.9733,80.0091,50.0496
2024-09-23 00:00:00,569.5729,79.9809,50.418
2024-09-24 00:00:00,571.0053,79.9829,51.2346
2024-09-25 00:00:00,569.9441,79.9393,50.2942
2024-09-26 00:00:00,572.2789,79.9367,51.5608
2024-09-27 00:00:00,571.5754,80.1319,52.3074
2024-09-30 00:00:00,574.0471,80.1047,50.5031
2024-10-01 00:00:00,568.7099,79.7664,49.1376
2024-10-02 00:00:00,568.8214,79.7152,47.9178
2024-10-03 00:00:00,567.8655,79.6689,48.5859
2024-10-04 00:00:00,573.0744,79.597,49.6773
2024-10-07 00:00:00,567.5887,79.3333,50.4206
2024-10-08 00:00:00,573.087,79.3479,49.521
2024-10-09 00:00:00,577.1771,79.3534,48.5357
2024-10-10 00:00:00,576.0688,79.2907,47.4865
2024-10-11 00:00:00,579.5536,79.3835,50.2002
2024-10-14 00:00:00,584.0161,79.427,52.463
2024-10-15 00:00:00,579.6221,79.5228,53.2863
2024-10-16 00:00:00,582.3388,79.6593,53.9011
2024-10-17 00:00:00,582.2436,79.5658,53.1451
2024-10-18 00:00:00,584.583,79.6279,54.5988
2024-10-21 00:00:00,583.5392,79.4642,53.8813
2024-10-22 00:00:00,583.2634,79.3505,53.6602
2024-10-23 00:00:00,577.9143,79.1302,52.78
2024-10-24 00:00:00,579.1522,79.2985,54.2571
2024-10-25 00:00:00,578.979,79.2909,53.0726
2024-10-28 00:00:00,580.5188,79.3784,55.3421
2024-10-29 00:00:00,581.4536,79.3578,57.6808
2024-10-30 00:00:00,579.5379,79.3794,57.1145
2024-10-31 00:00:00,568.8045,79.2243,55.6219
2024-11-01 00:00:00,571.1497,78.9019,55.0778
2024-11-04 00:00:00,569.5717,78.9672,53.4992
2024-11-05 00:00:00,576.5556,78.9502,55.2085
2024-11-06 00:00:00,591.1257,79.04,60.6033
2024-11-07 00:00:00,595.5265,79.3393,60.9081
2024-11-08 00:00:00,597.884,79.5443,61.0374
2024-11-11 00:00:00,598.4611,79.5956,69.2417
2024-11-12 00:00:00,596.7658,79.3305,71.1538
2024-11-13 00:00:00,596.929,79.3548,71.3704
2024-11-14 00:00:00,593.3908,79.359,69.5908
2024-11-15 00:00:00,585.6419,79.1016,72.7041
2024-11-18 00:00:00,588.021,79.2209,72.7649
2024-11-19 00:00:00,590.3551,79.3455,73.5825
2024-11-20 00:00:00,590.3849,79.3216,74.9869
2024-11-21 00:00:00,593.6203,79.4227,78.1264
2024-11-22 00:00:00,595.6956,79.4104,78.8833
2024-11-25 00:00:00,597.494,79.6311,75.3505
2024-11-26 00:00:00,600.9451,79.5583,72.2705
2024-11-27 00:00:00,598.698,79.6256,76.7509
2024-11-29 00:00:00,602.1048,79.7665,77.3717
2024-12-02 00:00:00,603.643,79.4823,75.9779
2024-12-03 00:00:00,603.925,79.5344,75.976
2024-12-04 00:00:00,607.5803,79.6358,78.5915
2024-12-05 00:00:00,606.4822,79.6438,78.7195
2024-12-06 00:00:00,608.0551,79.7631,80.6567
2024-12-09 00:00:00,604.4133,79.7631,76.3645
2024-12-10 00:00:00,602.6369,79.7217,76.6133
2024-12-11 00:00:00,607.5508,79.7613,80.5224
2024-12-12 00:00:00,604.2691,79.6435,79.3497
2024-12-13 00:00:00,604.3234,79.4563,80.7347
2024-12-16 00:00:00,606.6911,79.4915,84.0383
2024-12-17 00:00:00,604.3649,79.3355,84.7103
2024-12-18 00:00:00,586.6072,78.6798,79.8669
2024-12-19 00:00:00,586.1008,78.2875,76.4022
2024-12-20 00:00:00,590.51,78.4956,76.4812
2024-12-23 00:00:00,594.8466,78.4361,73.8178
2024-12-24 00:00:00,601.4104,78.4525,77.1546
2024-12-26 00:00:00,601.2148,78.5003,75.7296
2024-12-27 00:00:00,594.6159,78.4936,74.9285
2024-12-30 00:00:00,588.2558,78.5129,74.7237
2024-12-31 00:00:00,585.7881,78.609,74.0958
2025-01-02 00:00:00,584.5039,78.727,77.115
2025-01-03 00:00:00,591.9061,78.8923,77.9686
2025-01-06 00:00:00,595.2267,79.0625,81.0913
2025-01-07 00:00:00,588.6244,78.9382,76.4912
2025-01-08 00:00:00,589.5529,78.8085,74.4797
2025-01-10 00:00:00,580.5809,78.5895,75.0645
2025-01-13 00:00:00,581.4939,78.4743,74.1737
2025-01-14 00:00:00,582.1599,78.6589,76.5025
2025-01-15 00:00:00,592.8709,79.1506,78.968
2025-01-16 00:00:00,591.6284,79.1756,79.5121
2025-01-17 00:00:00,597.5407,79.3328,83.0436
2025-01-21 00:00:00,602.7924,79.5393,84.1065
2025-01-22 00:00:00,606.4979,79.5576,82.6324
2025-01-23 00:00:00,609.726,79.4822,81.8759
2025-01-24 00:00:00,608.0392,79.5849,83.0546
2025-01-27 00:00:00,599.1855,79.539,80.3455
2025-01-28 00:00:00,604.7025,79.658,80.1791
2025-01-29 00:00:00,601.8773,79.6513,82.5708
2025-01-30 00:00:00,605.0574,79.7465,83.1014
2025-01-31 00:00:00,602.0442,79.7192,80.5062
2025-02-03 00:00:00,597.4991,79.2351,80.1908
2025-02-04 00:00:00,601.8141,79.3275,78.1649
2025-02-05 00:00:00,604.1839,79.5098,77.0845
2025-02-06 00:00:00,606.3831,79.5229,76.7395
2025-02-07 00:00:00,600.6658,79.3448,75.8324
2025-02-10 00:00:00,604.7796,79.4767,77.1009
2025-02-11 00:00:00,604.9977,79.3785,75.4396
2025-02-12 00:00:00,603.4146,79.2431,76.8469
2025-02-13 00:00:00,609.7025,79.4608,76.2345
2025-02-14 00:00:00,609.7944,79.6137,76.9688
2025-02-18 00:00:00,611.3745,79.6186,74.524
2025-02-19 00:00:00,612.834,79.5557,76.0984
2025-02-20 00:00:00,610.2625,79.62,77.9651
2025-02-21 00:00:00,599.8843,79.5707,75.0998
2025-02-24 00:00:00,596.9291,79.6559,74.377
2025-02-25 00:00:00,594.15,79.7487,69.6246
2025-02-26 00:00:00,594.2417,79.9522,66.6391
2025-02-27 00:00:00,584.8393,79.9291,65.9928
2025-02-28 00:00:00,594.165,79.9194,66.5529
2025-03-03 00:00:00,583.7823,79.5256,67.9912
2025-03-04 00:00:00,576.6695,79.4303,68.6817
2025-03-05 00:00:00,583.1021,79.5083,71.5885
2025-03-06 00:00:00,572.7492,79.2973,70.4264
2025-03-07 00:00:00,575.9878,79.3074,68.7936
2025-03-10 00:00:00,560.5898,79.134,62.411
2025-03-11 00:00:00,556.3626,78.9803,65.7312
2025-03-12 00:00:00,559.0844,78.9635,65.5836
2025-03-13 00:00:00,551.3829,78.5405,63.3762
2025-03-14 00:00:00,563.1854,78.8272,66.8906
2025-03-17 00:00:00,566.8267,78.9662,66.7924
2025-03-18 00:00:00,560.8244,78.9082,65.0473
2025-03-19 00:00:00,566.8649,79.1383,67.5734
2025-03-20 00:00:00,565.6973,79.2277,66.515
2025-03-21 00:00:00,564.478,79.1134,66.3551
2025-03-24 00:00:00,574.4397,79.3785,69.8162
2025-03-25 00:00:00,575.3655,79.3577,69.6849
2025-03-26 00:00:00,568.9463,79.0745,68.4209
2025-03-27 00:00:00,567.0657,78.9433,68.7924
2025-03-28 00:00:00,555.8888,78.6864,66.1679
2025-03-31 00:00:00,559.0245,78.7129,65.1198
2025-04-01 00:00:00,561.1505,78.4912,67.135
2025-04-02 00:00:00,564.9397,78.6077,68.7015
2025-04-03 00:00:00,537.6331,77.8797,64.7328
2025-04-04 00:00:00,505.5901,76.9983,66.3474
2025-04-07 00:00:00,504.4168,76.3048,61.6723
2025-04-08 00:00:00,496.502,76.2533,60.6262
2025-04-09 00:00:00,543.7242,76.6383,65.007
2025-04-10 00:00:00,525.0092,76.3708,62.8642
2025-04-11 00:00:00,534.51,76.5025,66.2129
2025-04-14 00:00:00,538.7531,77.0995,67.0572
2025-04-15 00:00:00,537.873,77.2562,66.347
2025-04-16 00:00:00,525.842,77.25,66.6073
2025-04-17 00:00:00,526.5418,77.5834,67.0303
2025-04-21 00:00:00,514.186,77.2604,69.0599
2025-04-22 00:00:00,527.1,77.6155,72.2913
2025-04-23 00:00:00,535.8826,78.1721,73.8733
2025-04-24 00:00:00,546.7275,78.2968,73.9135
2025-04-25 00:00:00,550.7525,78.4983,75.3317
2025-04-28 00:00:00,551.1137,78.5517,74.8409
2025-04-29 00:00:00,554.3089,78.6207,75.2522
2025-04-30 00:00:00,555.1713,78.3898,74.3159
2025-05-01 00:00:00,558.6701,78.2316,76.2205
2025-05-02 00:00:00,566.9046,78.3718,76.5519
2025-05-05 00:00:00,563.3173,78.3617,74.4209
2025-05-06 00:00:00,558.993,78.3465,74.9312
2025-05-07 00:00:00,561.4234,78.3583,75.9142
2025-05-08 00:00:00,564.6755,78.5345,79.9424
2025-05-09 00:00:00,564.3689,78.5266,81.4479
2025-05-12 00:00:00,582.7883,79.0854,80.3268
2025-05-13 00:00:00,587.0212,79.2771,82.7116
2025-05-14 00:00:00,587.6467,79.0991,81.4896
2025-05-15 00:00:00,590.217,78.989,81.3778
2025-05-16 00:00:00,594.4188,79.0996,82.0855
2025-05-19 00:00:00,595.0258,79.0857,83.2647
2025-05-20 00:00:00,592.7398,79.1469,84.4328
2025-05-21 00:00:00,583.2134,78.8579,85.7
2025-05-22 00:00:00,582.9651,78.8453,87.7114
2025-05-23 00:00:00,579.0896,78.7295,85.7449
2025-05-27 00:00:00,590.9625,79.1867,86.665
2025-05-28 00:00:00,587.6813,79.1809,84.3398
2025-05-29 00:00:00,590.0421,79.3396,83.3558
2025-05-30 00:00:00,590.045,79.3235,82.4816
2025-06-02 00:00:00,592.5288,78.9565,82.3567
2025-06-03 00:00:00,595.9658,79.1221,83.7881
2025-06-04 00:00:00,596.033,79.2624,82.7496
2025-06-05 00:00:00,592.9411,79.2477,80.3129
2025-06-06 00:00:00,599.087,79.2243,82.2056
2025-06-09 00:00:00,599.6859,79.2234,85.6306
2025-06-10 00:00:00,602.9839,79.301,86.327
2025-06-11 00:00:00,601.3394,79.4528,85.7077
2025-06-12 00:00:00,603.6369,79.4413,84.1694
2025-06-13 00:00:00,596.9301,79.2946,82.8435
2025-06-16 00:00:00,602.6181,79.4497,85.6075
2025-06-17 00:00:00,597.6155,79.3659,82.4911
2025-06-18 00:00:00,597.448,79.4482,81.7806
2025-06-20 00:00:00,594.4189,79.5414,81.4174
2025-06-23 00:00:00,600.1389,79.7084,81.2947
2025-06-24 00:00:00,606.8257,79.9593,83.2465
2025-06-25 00:00:00,606.827,80.0409,84.9048
2025-06-26 00:00:00,611.6993,80.1921,84.7139
2025-06-27 00:00:00,614.9319,80.2389,84.1643
2025-06-30 00:00:00,618.1578,80.4169,84.8624
2025-07-01 00:00:00,617.48,80.0851,82.9937
2025-07-02 00:00:00,620.4244,80.1327,86.4014
2025-07-03 00:00:00,625.6883,80.1617,86.4691
2025-07-07 00:00:00,620.7808,80.0633,85.0507
2025-07-08 00:00:00,620.3389,79.9883,85.6361
2025-07-09 00:00:00,624.1037,80.0769,87.9419
2025-07-10 00:00:00,625.903,80.0912,89.2583
2025-07-11 00:00:00,623.8354,79.9418,93.005
2025-07-14 00:00:00,624.7126,79.9913,94.3733
2025-07-15 00:00:00,622.2988,79.8911,91.5905
2025-07-16 00:00:00,624.283,79.9169,93.8976
2025-07-17 00:00:00,627.6408,80.0419,93.6234
2025-07-18 00:00:00,627.618,80.1165,92.3719
2025-07-21 00:00:00,628.5084,80.2827,91.8626
2025-07-22 00:00:00,628.9212,80.3654,93.8754
2025-07-23 00:00:00,633.8371,80.3975,93.1533
2025-07-24 00:00:00,634.2817,80.3706,93.6165
2025-07-25 00:00:00,636.8296,80.3768,91.8196
2025-07-28 00:00:00,636.9396,80.4169,92.852
2025-07-29 00:00:00,635.0579,80.4454,92.3968
2025-07-30 00:00:00,634.2665,80.2845,91.9499
2025-07-31 00:00:00,631.9755,80.3148,91.8241
2025-08-01 00:00:00,621.8996,79.763,89.0555
2025-08-04 00:00:00,631.0781,80.0257,90.2144
2025-08-05 00:00:00,628.0234,80.0526,89.3249
2025-08-06 00:00:00,632.5906,80.098,90.6263
2025-08-07 00:00:00,632.0933,80.0864,92.3871
2025-08-08 00:00:00,637.0719,80.0724,91.5684
2025-08-11 00:00:00,635.5395,80.0999,93.5876
2025-08-12 00:00:00,642.7594,80.2083,94.057
2025-08-13 00:00:00,644.8537,80.4143,96.514
2025-08-14 00:00:00,645.0699,80.3136,92.7431
2025-08-15 00:00:00,643.3429,80.3256,91.9293
2025-08-18 00:00:00,643.3261,80.3489,91.4261
2025-08-19 00:00:00,639.616,80.3606,88.8697
2025-08-20 00:00:00,638.0775,80.3224,89.7874
2025-08-21 00:00:00,635.6069,80.2387,88.1086
2025-08-22 00:00:00,645.2653,80.5775,91.6469
2025-08-25 00:00:00,642.5283,80.6639,86.9517
2025-08-26 00:00:00,645.2186,80.7582,87.2982
2025-08-27 00:00:00,646.758,80.8288,88.0469
2025-08-28 00:00:00,648.8094,80.9082,87.9075
2025-08-29 00:00:00,644.7194,80.8785,84.9945
2025-09-02 00:00:00,640.3907,80.2717,86.9998
2025-09-03 00:00:00,643.6596,80.4211,88.1534
2025-09-04 00:00:00,649.0763,80.5943,86.2192
2025-09-05 00:00:00,647.1107,80.7756,87.642
2025-09-08 00:00:00,648.5032,80.8042,87.9894
2025-09-09 00:00:00,650.2603,80.7246,87.3962
2025-09-10 00:00:00,652.2124,80.8279,89.188
2025-09-11 00:00:00,657.7369,80.9617,89.8591
2025-09-12 00:00:00,657.442,80.9307,91.6621
2025-09-15 00:00:00,660.6742,81.0486,90.5086
2025-09-16 00:00:00,659.8473,81.071,91.6835
2025-09-17 00:00:00,659.2174,81.0451,90.7862
2025-09-18 00:00:00,662.3737,81.1394,92.2228
2025-09-19 00:00:00,663.7677,81.1501,90.3672
2025-09-22 00:00:00,666.7467,81.1674,88.0316
2025-09-23 00:00:00,663.0758,81.1779,87.6208
2025-09-24 00:00:00,661.191,81.1094,89.0161
2025-09-25 00:00:00,657.8834,80.8851,85.7983
2025-09-26 00:00:00,661.7792,80.9247,85.6981
2025-09-29 00:00:00,663.5268,81.03,89.7137
2025-09-30 00:00:00,666.3087,81.0088,89.7289
2025-10-01 00:00:00,668.6053,80.7199,92.1524
2025-10-02 00:00:00,669.025,80.7418,94.8492
2025-10-03 00:00:00,669.1334,80.7514,96.2739
2025-10-06 00:00:00,671.6198,80.78,98.3969
2025-10-07 00:00:00,669.064,80.7209,95.3981
2025-10-08 00:00:00,672.96,80.68,96.8296
2025-10-09 00:00:00,671.1273,80.3971,94.89
2025-10-10 00:00:00,653.0199,80.02,91.4593
2025-10-13 00:00:00,663.1988,80.1328,90.8716
2025-10-14 00:00:00,662.1708,80.3425,88.3299
2025-10-15 00:00:00,664.8842,80.6562,87.2669
2025-10-16 00:00:00,660.7023,80.5808,84.8411
2025-10-17 00:00:00,664.1904,80.4722,83.4586
2025-10-20 00:00:00,671.2819,80.6633,86.883
2025-10-21 00:00:00,671.3046,80.7179,87.6526
2025-10-22 00:00:00,667.7322,80.6583,84.5206
2025-10-23 00:00:00,671.6291,80.6988,86.4072
2025-10-24 00:00:00,676.9577,80.8636,86.6746
2025-10-27 00:00:00,685.2739,81.0521,90.0341
2025-10-28 00:00:00,686.842,81.0628,89.0819
2025-10-29 00:00:00,686.8139,80.9701,86.6799
2025-10-30 00:00:00,680.0168,80.804,83.4328
2025-10-31 00:00:00,681.8442,80.7633,85.9853
2025-11-03 00:00:00,683.0527,80.1901,83.5199
2025-11-04 00:00:00,675.0487,80.0921,78.8619
2025-11-05 00:00:00,677.5143,80.1661,81.3493
2025-11-06 00:00:00,669.9502,80.1394,78.992
2025-11-07 00:00:00,670.8581,80.0915,81.2491
2025-11-10 00:00:00,681.2638,80.3347,82.9976
2025-11-11 00:00:00,682.6751,80.337,80.4511
2025-11-12 00:00:00,683.1294,80.4351,79.4845
2025-11-13 00:00:00,671.8502,80.2187,76.7866
2025-11-14 00:00:00,671.6491,80.1631,73.7983
2025-11-17 00:00:00,665.5674,80.0959,71.9074
2025-11-18 00:00:00,660.127,80.0349,72.6281
2025-11-19 00:00:00,662.62,80.0843,70.0081
2025-11-20 00:00:00,652.413,80.1257,67.5765
2025-11-21 00:00:00,658.8565,80.1582,66.1635
2025-11-24 00:00:00,669.0368,80.3311,69.765
2025-11-25 00:00:00,675.1288,80.4924,68.3741
2025-11-26 00:00:00,679.7909,80.6232,70.3275
2025-11-28 00:00:00,683.4451,80.7773,71.3794
2025-12-01 00:00:00,679.8939,80.3033,66.8657
2025-12-02 00:00:00,681.5789,80.4098,71.2754
2025-12-03 00:00:00,683.6263,80.5312,72.739
2025-12-04 00:00:00,684.4076,80.5108,72.3849
2025-12-05 00:00:00,685.8288,80.5477,69.8843
2025-12-08 00:00:00,683.5047,80.4262,71.0225
2025-12-09 00:00:00,682.9116,80.4002,72.8173
2025-12-10 00:00:00,687.5303,80.3992,72.3184
2025-12-11 00:00:00,688.9623,80.5276,71.8008
2025-12-12 00:00:00,681.6686,80.4124,70.5507
2025-12-15 00:00:00,680.6957,80.4843,67.0918
2025-12-16 00:00:00,679.1021,80.4259,68.4931
2025-12-17 00:00:00,671.263,80.4202,67.1092
2025-12-18 00:00:00,676.5804,80.5681,66.1947
2025-12-19 00:00:00,680.5475,80.2446,68.7654
2025-12-22 00:00:00,684.9682,80.3141,69.0316
2025-12-23 00:00:00,688.0862,80.3393,68.507
2025-12-24 00:00:00,690.3011,80.3745,68.3919
2025-12-26 00:00:00,690.1515,80.4126,68.3968
2025-12-29 00:00:00,687.7606,80.4718,68.0632
2025-12-30 00:00:00,686.8142,80.5387,68.6365
2025-12-31 00:00:00,681.8123,80.5535,68.4096
2026-01-02 00:00:00,683.2546,80.573,70.1009
2026-01-05 00:00:00,687.5966,80.7102,73.5754
2026-01-06 00:00:00,691.9047,80.7669,72.2336
2026-01-07 00:00:00,689.5277,80.7951,71.0474
2026-01-08 00:00:00,689.5796,80.7889,70.9631
2026-01-09 00:00:00,694.066,80.8846,70.4538
2026-01-12 00:00:00,695.2173,80.8878,71.39
2026-01-13 00:00:00,693.8808,80.9455,73.7508
2026-01-14 00:00:00,690.1952,80.9008,76.2708
2026-01-15 00:00:00,691.9906,80.9672,74.3384
2026-01-16 00:00:00,691.5875,80.9739,74.5918
2026-01-20 00:00:00,677.3533,80.8064,69.9289
2026-01-21 00:00:00,685.2068,80.995,70.3435
2026-01-22 00:00:00,688.9733,81.1057,69.7322
2026-01-23 00:00:00,689.2552,81.0854,69.7856
2026-01-26 00:00:00,692.7011,81.1121,68.3153
2026-01-27 00:00:00,695.5268,81.0963,69.7002
2026-01-28 00:00:00,695.4747,81.015,69.4669
2026-01-29 00:00:00,694.5835,80.9182,65.6289
2026-01-30 00:00:00,691.6406,80.9268,65.413
2026-02-02 00:00:00,695.3967,80.6117,60.8072
2026-02-03 00:00:00,689.5609,80.5345,59.6106
2026-02-04 00:00:00,686.0688,80.5341,57.2186
2026-02-05 00:00:00,677.6764,80.4737,49.62
2026-02-06 00:00:00,691.0327,80.6376,54.6203
2026-02-09 00:00:00,694.3341,80.7387,55.1951
2026-02-10 00:00:00,692.0801,80.8033,53.6128
2026-02-11 00:00:00,692.0628,80.7579,52.6814
2026-02-12 00:00:00,681.2913,80.6796,50.9672
2026-02-13 00:00:00,681.7241,80.6908,53.6112
2026-02-17 00:00:00,682.5137,80.6947,52.8386
2026-02-18 00:00:00,686.3321,80.8591,51.6389
2026-02-19 00:00:00,684.4901,80.8349,52.3143
2026-02-20 00:00:00,689.2496,80.8498,52.8033
2026-02-23 00:00:00,682.1208,80.7983,50.2437
2026-02-24 00:00:00,687.3713,80.7446,50.2653
2026-02-25 00:00:00,692.9732,80.7878,53.942
2026-02-26 00:00:00,689.2645,80.7533,52.5532
2026-02-27 00:00:00,686.3402,80.5819,51.1314
2026-03-02 00:00:00,686.6668,80.1857,53.9014
2026-03-03 00:00:00,680.2206,80.0921,53.1797
2026-03-04 00:00:00,685.4946,80.3707,56.9889
2026-03-05 00:00:00,681.6546,80.197,55.5225
2026-03-06 00:00:00,672.7117,79.906,53.0948
2026-03-09 00:00:00,678.349,79.9597,53.7708
2026-03-10 00:00:00,676.9759,80.1418,54.5855
2026-03-11 00:00:00,676.4324,79.9386,55.0608
2026-03-12 00:00:00,666.1823,79.542,54.9012
2026-03-13 00:00:00,662.2381,79.3077,55.45
2026-03-16 00:00:00,668.9957,79.5092,57.6328
2026-03-17 00:00:00,670.6832,79.7309,58.0711
2026-03-18 00:00:00,661.5821,79.5298,55.3416
2026-03-19 00:00:00,659.8058,79.2857,54.7282
2026-03-20 00:00:00,648.0597,79.0454,54.6471
2026-03-23 00:00:00,655.518,79.3427,55.0398
2026-03-24 00:00:00,653.0702,79.1933,53.9809
2026-03-25 00:00:00,656.6309,79.4532,55.1689
2026-03-26 00:00:00,645.2069,79.0148,53.3167
2026-03-27 00:00:00,634.4364,78.6276,51.3968
2026-03-30 00:00:00,631.9372,78.843,51.748
2026-03-31 00:00:00,650.3967,79.3547,52.774
2026-04-01 00:00:00,655.0806,79.2585,53.0567
2026-04-02 00:00:00,655.8557,79.2475,52.1331
2026-04-06 00:00:00,658.8054,79.4779,54.2824
2026-04-07 00:00:00,659.3095,79.4339,53.7054
2026-04-08 00:00:00,675.836,79.9478,55.5143
2026-04-09 00:00:00,680.046,80.0897,56.1209
2026-04-10 00:00:00,679.3352,79.9615,57.0233
2026-04-13 00:00:00,686.2408,80.0508,57.0887
2026-04-14 00:00:00,694.3392,80.342,57.7908
2026-04-15 00:00:00,699.9267,80.2974,58.3758
2026-04-16 00:00:00,701.7562,80.2494,58.6374
2026-04-17 00:00:00,710.1971,80.5167,60.2427
2026-04-20 00:00:00,708.5276,80.4875,59.3709
2026-04-21 00:00:00,704.0321,80.3308,58.3648
2026-04-22 00:00:00,711.4022,80.3902,61.3507
2026-04-23 00:00:00,708.4703,80.2658,60.4678
2026-04-24 00:00:00,714.1407,80.3434,60.3911
2026-04-27 00:00:00,715.0228,80.3366,59.7768
2026-04-28 00:00:00,711.5276,80.2594,59.3488
2026-04-29 00:00:00,711.2434,80.0715,58.7377
2026-04-30 00:00:00,718.5471,80.2273,59.4003
2026-05-01 00:00:00,720.662,79.9649,60.9263
2026-05-04 00:00:00,717.7775,79.7577,62.2288
2026-05-05 00:00:00,723.6202,79.8663,63.4369
2026-05-06 00:00:00,734.1645,80.0552,63.3224
2026-05-07 00:00:00,731.3803,79.9229,62.2896
2026-05-08 00:00:00,737.6414,79.9867,62.3116
2026-05-11 00:00:00,739.0872,79.9149,63.6875
2026-05-12 00:00:00,737.9449,79.7084,62.8112
2026-05-13 00:00:00,742.2827,79.7865,61.8704
2026-05-14 00:00:00,747.9736,79.8667,63.2714
2026-05-15 00:00:00,738.8707,79.5141,61.4642
2026-05-18 00:00:00,738.3712,79.519,59.7207
2026-05-19 00:00:00,733.4938,79.3271,59.6361
2026-05-20 00:00:00,741.4149,79.6636,60.2931
2026-05-21 00:00:00,742.7728,79.717,60.3033
2026-05-22 00:00:00,745.5711,79.7842,58.8671
2026-05-26 00:00:00,750.1632,80.0176,58.9821
2026-05-27 00:00:00,750.2922,80.0362,58.1987
2026-05-28 00:00:00,754.6047,80.0882,56.943
2026-05-29 00:00:00,756.2813,80.1708,57.0261
2026-06-01 00:00:00,758.32,79.7012,55.529
2026-06-02 00:00:00,759.3185,79.7571,52.196
2026-06-03 00:00:00,753.7411,79.5911,50.7657
2026-06-04 00:00:00,756.92,79.7006,49.3394
2026-06-05 00:00:00,737.0437,79.4062,46.8021
2026-06-08 00:00:00,739.2612,79.4715,49.1823
2026-06-09 00:00:00,737.3856,79.5067,48.17
